smORF_00	GMSC10.90AA.000_154_072_544	MQEEMSALTQNHTWDLVPASPDMNLLGCKWVFRVKLNADGSLDKLKARLVAKGFLIPTRKKLVG*	MQEEMSALTQNHTWDLVPASPDMNLLGCKWVFRVKLNADGSLDKLKARLVAKGFLIPTRKKLVG	65	64	64	1	64	1	64	134	100	2.62e-40	98.5	100
smORF_00	GMSC10.90AA.000_153_658_713	MQEEMSALTQNHTWDLVPASPDMNLLGCKWVFRVKLNADGSLDKLKARLVAKGFLIPTRKKLVG*	MQDELQALIANNTWQLTPLPPGKKTIGCKWVYKIKYHYDGTIERHKARVVAKGSPNLKDLIS	65	62	64	1	64	1	62	67.0	45.3	8.84e-14	98.5	100
smORF_00	GMSC10.90AA.000_277_408_871	MQEEMSALTQNHTWDLVPASPDMNLLGCKWVFRVKLNADGSLDKLKARLVAKGFLIPTRKKLVG*	MKVEMDALEKNKTWDFVELPQGKKLVGCKWVFTVKYKADGSLEQHKAKLVAKRYTQNLRNKLS	65	63	62	1	62	1	62	66.6	53.2	1.29e-13	95.4	98.4
smORF_00	GMSC10.90AA.000_075_932_907	MQEEMSALTQNHTWDLVPASPDMNLLGCKWVFRVKLNADGSLDKLKARLVAKGFLIPTRKKLVG*	MIEDLEAIEKNRTWELVDVPKHKKPIDVKWVFKIKSRPDGTVSKYKARLVAKCFFAETRD	65	60	59	1	59	1	59	56.6	44.1	1.09e-09	90.8	98.3
smORF_00	GMSC10.90AA.000_237_244_187	MQEEMSALTQNHTWDLVPASPDMNLLGCKWVFRVKLNADGSLDKLKARLVAKGFLIPTRKKLVG*	MEEEYGALIANQTWDLVPQPPHAEIIVSGKWLYCHKLNANGSLARYKAHWVVRGFSQQTRP	65	61	60	1	59	1	60	56.2	48.3	1.59e-09	90.8	98.4
smORF_00	GMSC10.90AA.000_068_994_576	MQEEMSALTQNHTWDLVPASPDMNLLGCKWVFRVKLNADGSLDKLKARLVAKGFLIPTRKKLVG*	MHEELIQFARNEVWSLVPRTRQMNVIGTKWVFKTKLDEQGIIIRNKARLVEMGTTKKKE	65	59	61	1	61	1	58	55.1	44.3	4.35e-09	93.8	98.3
smORF_00	GMSC10.90AA.000_130_075_251	MQEEMSALTQNHTWDLVPASPDMNLLGCKWVFRVKLNADGSLDKLKARLVAKGFLIPTRKKLVG*	MNEEMKSMKDNDIRDIISLPERAKFVGCKWIFKIKKDSKGNMERYKAHLVALRKNKVQGLYVERRHRL	65	68	68	1	62	1	68	47.4	30.9	5.88e-06	95.4	100
smORF_01	GMSC10.90AA.000_287_746_133	MPALTEIFGDDSVLQFGGGTLGHPWGNAPGAVANRVALEACVQARNEGRDLAVEGNEIIREACKWSPELAAACEVWKEITFNFPTIDKLDGQE*	MPALTEIFGDDSVLQFGGGTLGHPWGNAPGAVANRVALEACVQARNEGRDLAVEGNEIIREACKWSPELAAACEVWKEITFNFPTIDKLDGQD	94	93	93	1	93	1	93	197	98.9	1.92e-64	98.9	100
smORF_01	GMSC10.90AA.000_283_467_220	MPALTEIFGDDSVLQFGGGTLGHPWGNAPGAVANRVALEACVQARNEGRDLAVEGNEIIREACKWSPELAAACEVWKEITFNFPTIDKLDGQE*	MPALTEIFGDDSVLQFGGGTLGHPWGNAPGAVANRVALEACVQARNEGRDLAREGNEIIREASKWSPELAAACEVWKEIKFEFEAMDKLDKV	94	92	90	1	90	1	90	174	92.2	1.88e-55	95.7	97.8
smORF_01	GMSC10.90AA.000_139_287_417	MPALTEIFGDDSVLQFGGGTLGHPWGNAPGAVANRVALEACVQARNEGRDLAVEGNEIIREACKWSPELAAACEVWKEITFNFPTIDKLDGQE*	MPALTEIFGDDSVLQFGGGTLGHPWGNAPGAVANRVALEACVKARNEGRDLAREGNEIIREASKWSPELAAACEVWKEIVFNFAAVDVLDK	94	91	90	1	90	1	90	173	91.1	3.68e-55	95.7	98.9
smORF_01	GMSC10.90AA.000_278_217_953	MPALTEIFGDDSVLQFGGGTLGHPWGNAPGAVANRVALEACVQARNEGRDLAVEGNEIIREACKWSPELAAACEVWKEITFNFPTIDKLDGQE*	MPALTEIFGDDSVLQFGGGTLGHPWGNAPGAVANRVALEACVQARNEGRDLATEGNEIIREATKWSPELAAACEVWKEIKFEFQAMDTLDQ	94	91	90	1	90	1	90	173	91.1	5.23e-55	95.7	98.9
smORF_01	GMSC10.90AA.000_286_298_411	MPALTEIFGDDSVLQFGGGTLGHPWGNAPGAVANRVALEACVQARNEGRDLAVEGNEIIREACKWSPELAAACEVWKEITFNFPTIDKLDGQE*	MPALTEIFGDDSVLQFGGGTLGHPWGNAPGAVANRVALEACVQARNEGRDLAREGNEVIREATKWSPELAAACEVWKEIKFEFDTIDYL	94	89	89	1	89	1	89	172	92.1	1.41e-54	94.7	100
smORF_01	GMSC10.90AA.000_139_287_421	MPALTEIFGDDSVLQFGGGTLGHPWGNAPGAVANRVALEACVQARNEGRDLAVEGNEIIREACKWSPELAAACEVWKEITFNFPTIDKLDGQE*	MPALTEIFGDDSVLQFGGGTLGHPWGNAPGAVANRVALEACVQARNEGRDLAREGNEIIREASKWSPELAAACEVWKAIKFEFPAMDTL	94	89	89	1	89	1	89	170	91.0	5.76e-54	94.7	100
smORF_01	GMSC10.90AA.000_139_287_420	MPALTEIFGDDSVLQFGGGTLGHPWGNAPGAVANRVALEACVQARNEGRDLAVEGNEIIREACKWSPELAAACEVWKEITFNFPTIDKLDGQE*	MPALTEIFGDDSVLQFGGGTLGHPWGNAPGAVANRVALEACVQARNEGRDLAREGNEIIRAAAKWSPELAAACEVWKAIKFEFDPVDKLDKAK	94	93	90	1	90	1	90	170	90.0	6.51e-54	95.7	96.8
smORF_01	GMSC10.90AA.000_251_816_513	MPALTEIFGDDSVLQFGGGTLGHPWGNAPGAVANRVALEACVQARNEGRDLAVEGNEIIREACKWSPELAAACEVWKEITFNFPTIDKLDGQE*	MPALTEIFGDDSVLQFGGGTLGHPWGNAPGAVANRVALEACVQARNEGRDLAREGNEVIREASKWSPELAAACEIWKEIKFEFDAIDVL	94	89	89	1	89	1	89	169	89.9	1.16e-53	94.7	100
smORF_01	GMSC10.90AA.000_251_817_644	MPALTEIFGDDSVLQFGGGTLGHPWGNAPGAVANRVALEACVQARNEGRDLAVEGNEIIREACKWSPELAAACEVWKEITFNFPTIDKLDGQE*	MPALVEIFGDDACLQFGGGTLGHPWGNAPGAAANRVALEACVQARNEGRDLAREGGDVIRAACKWSPELAAACEVWKEIKFEFETIDKL	94	89	89	1	89	1	89	166	86.5	2.75e-52	94.7	100
smORF_01	GMSC10.90AA.000_251_816_512	MPALTEIFGDDSVLQFGGGTLGHPWGNAPGAVANRVALEACVQARNEGRDLAVEGNEIIREACKWSPELAAACEVWKEITFNFPTIDKLDGQE*	MPALTEIFGDDSVLQFGGGTLGHPWGNAPGAVANRVALEACVKARNEGRDLASEGNVIIREASKWSPELAAACEVWKEIKFEFAAMDTL	94	89	89	1	89	1	89	166	88.8	3.90e-52	94.7	100
smORF_01	GMSC10.90AA.000_283_493_825	MPALTEIFGDDSVLQFGGGTLGHPWGNAPGAVANRVALEACVQARNEGRDLAVEGNEIIREACKWSPELAAACEVWKEITFNFPTIDKLDGQE*	MPILPALVEIFGDDACLQFGGGTLGHPWGNAPGAVANRVALEACTQARNEGRDLAREGGDVIRTACKWSPELAAACEVWKEIKFEFDTIDKL	94	92	89	1	89	4	92	165	85.4	8.63e-52	94.7	96.7
smORF_01	GMSC10.90AA.000_139_295_629	MPALTEIFGDDSVLQFGGGTLGHPWGNAPGAVANRVALEACVQARNEGRDLAVEGNEIIREACKWSPELAAACEVWKEITFNFPTIDKLDGQE*	MPALVEIFGDDSVLQFGGGTLGHPWGNAPGATANRVALEACIQARNEGRDLAREGNDIIREAAKWSPELAAACELWKEIKFEFKAVDTL	94	89	89	1	89	1	89	164	85.4	1.12e-51	94.7	100
smORF_01	GMSC10.90AA.000_278_218_125	MPALTEIFGDDSVLQFGGGTLGHPWGNAPGAVANRVALEACVQARNEGRDLAVEGNEIIREACKWSPELAAACEVWKEITFNFPTIDKLDGQE*	MPALVEIFGDDACLQFGGGTLGHPWGNAPGAAANRVALEACIQARNEGRDLAREGGDVIRAACKWSPELSAACEVWKEIKFEFDTIDKL	94	89	89	1	89	1	89	164	84.3	1.12e-51	94.7	100
smORF_01	GMSC10.90AA.000_139_287_418	MPALTEIFGDDSVLQFGGGTLGHPWGNAPGAVANRVALEACVQARNEGRDLAVEGNEIIREACKWSPELAAACEVWKEITFNFPTIDKLDGQE*	MPALTEIFGDDSVLQFGGGTLGHPWGNAPGAVANRVALEACVQARNEGRDLAREGATIIRNASKWSPELAAASEVWKEIKFEFPAVDTLDRGKIG	94	95	90	1	90	1	90	164	87.8	1.34e-51	95.7	94.7
smORF_01	GMSC10.90AA.000_139_295_620	MPALTEIFGDDSVLQFGGGTLGHPWGNAPGAVANRVALEACVQARNEGRDLAVEGNEIIREACKWSPELAAACEVWKEITFNFPTIDKLDGQE*	MPALVEIFGDDACLQFGGGTLGHPWGNAPGAAANRVALEACVQARNEGRDLAREGGDVIRAACKWSPELAAACEVWKEIKFEFETIDTL	94	89	89	1	89	1	89	164	85.4	2.26e-51	94.7	100
smORF_01	GMSC10.90AA.000_251_817_647	MPALTEIFGDDSVLQFGGGTLGHPWGNAPGAVANRVALEACVQARNEGRDLAVEGNEIIREACKWSPELAAACEVWKEITFNFPTIDKLDGQE*	MPALVEIFGDDSCLQFGGGTLGHPWGNAPGATANRVALEACVQARNEGRNLAREGNDVLREACRWSPELAAACELWKEITFEFEAMDTL	94	89	89	1	89	1	89	164	83.1	2.26e-51	94.7	100
smORF_01	GMSC10.90AA.000_139_287_419	MPALTEIFGDDSVLQFGGGTLGHPWGNAPGAVANRVALEACVQARNEGRDLAVEGNEIIREACKWSPELAAACEVWKEITFNFPTIDKLDGQE*	MPALTEIFGDDSVLQFGGGTLGHPWGNAPGAVANRVALEACVQARNEGRDLAREGNDIIREAAQWSNELSAACAIWKEIKFEFPAMDTL	94	89	89	1	89	1	89	163	85.4	4.56e-51	94.7	100
smORF_01	GMSC10.90AA.000_283_467_265	MPALTEIFGDDSVLQFGGGTLGHPWGNAPGAVANRVALEACVQARNEGRDLAVEGNEIIREACKWSPELAAACEVWKEITFNFPTIDKLDGQE*	MPALVEIFGDDSCLQFGGGTLGHPWGNAPGATANRVALEACIQARNEGRSLAREGNDVIREACRWSPELAAACELWKEIKFEFDAVDTL	94	89	89	1	89	1	89	162	82.0	9.21e-51	94.7	100
smORF_01	GMSC10.90AA.000_287_110_966	MPALTEIFGDDSVLQFGGGTLGHPWGNAPGAVANRVALEACVQARNEGRDLAVEGNEIIREACKWSPELAAACEVWKEITFNFPTIDKLDGQE*	MPALVDIFGDDACLQFGGGTLGHPWGNAPGACANRVALEACTQARNEGRDLASAGGDVIREACKWSPELAAACEVWKEIKFEFKAVDTID	94	90	90	1	90	1	90	160	80.0	5.50e-50	95.7	100
smORF_01	GMSC10.90AA.000_251_817_577	MPALTEIFGDDSVLQFGGGTLGHPWGNAPGAVANRVALEACVQARNEGRDLAVEGNEIIREACKWSPELAAACEVWKEITFNFPTIDKLDGQE*	MPALVDIFGDDACLQFGGGTLGHPWGNAPGAAANRVALEACVQARNEGRDLAREGGDVIREACKFSPELASACEVWKEIKFEFETIDTL	94	89	89	1	89	1	89	160	83.1	7.58e-50	94.7	100
smORF_01	GMSC10.90AA.000_139_287_416	MPALTEIFGDDSVLQFGGGTLGHPWGNAPGAVANRVALEACVQARNEGRDLAVEGNEIIREACKWSPELAAACEVWKEITFNFPTIDKLDGQE*	MPALTEIFGDDSVLQFGGGTLGHPWGNAPGAAANRVALEACVQARNEGRDLAREGNEIIKAACKWSAELAAACEIWKEIKFDGFKAMDTI	94	90	90	1	89	1	90	160	84.4	7.81e-50	94.7	100
smORF_01	GMSC10.90AA.000_251_817_645	MPALTEIFGDDSVLQFGGGTLGHPWGNAPGAVANRVALEACVQARNEGRDLAVEGNEIIREACKWSPELAAACEVWKEITFNFPTIDKLDGQE*	MPALVEIFGDDACLQFGGGTLGHPWGNAPGAAANRVALEACVQARNEGRDLAREGGDVMRAACKWSPELAAACEVWKEIKFEFEAMDTL	94	89	89	1	89	1	89	159	82.0	1.08e-49	94.7	100
smORF_01	GMSC10.90AA.000_139_295_628	MPALTEIFGDDSVLQFGGGTLGHPWGNAPGAVANRVALEACVQARNEGRDLAVEGNEIIREACKWSPELAAACEVWKEITFNFPTIDKLDGQE*	MPALVEIFGDDSVLQFGGGTLGHPWGNAPGATANRVALEACIEARNAGRDLGREGNDILREACKWSPELAIACETWKEIKFEFEAMDTV	94	89	87	1	87	1	87	158	81.6	4.39e-49	92.6	97.8
smORF_01	GMSC10.90AA.000_251_817_578	MPALTEIFGDDSVLQFGGGTLGHPWGNAPGAVANRVALEACVQARNEGRDLAVEGNEIIREACKWSPELAAACEVWKEITFNFPTIDKLDGQE*	MPALVDIFGDDACLQFGGGTLGHPWGNCPGAVANRVALEACVQARNEGRNLAREGGDVIRAACKWSPELAAACEVWKEIKFEFQAMDTL	94	89	89	1	89	1	89	157	80.9	6.24e-49	94.7	100
smORF_01	GMSC10.90AA.000_281_591_118	MPALTEIFGDDSVLQFGGGTLGHPWGNAPGAVANRVALEACVQARNEGRDLAVEGNEIIREACKWSPELAAACEVWKEITFNFPTIDKLDGQE*	MPALVEIFQDDACLQFGGGTLGHPWGNAPGATANRVALEACVQARNEGRDLMREGGDVIREACKWSPELAAACELWKEIKFEFQAVDTL	94	89	89	1	89	1	89	157	80.9	6.24e-49	94.7	100
smORF_02	GMSC10.90AA.000_056_080_803	MGCCSTERRDAPDRWDPVPTKLIEGSANPTKLKKEWRTKENGRRSAVPKGCYSADRREVNSGIRMLRCQRSDGISSCQDRGMM*	MGCCSTERRDAPDRWDPVPTKLIEGSANPTKLKKEWRTKENGRRSAVPKGCYSADRREVNSGIRMLRCQRSDGISSCQDRGMM	84	83	83	1	83	1	83	177	100	8.05e-57	98.8	100
smORF_03	GMSC10.90AA.000_158_387_971	MQQLQNGNLIEYTIKIYKQEQILRKRLKILGWEVIPLPDPLLEDRIPEKLKENHVLVQANPLYY*	MQQLQNGNLIEYTIKIYKQEQILRKKLKILGWEVRPLPDLLLEDRIPEKLKENHVLVQANPLYY	65	64	64	1	64	1	64	125	95.3	5.99e-37	98.5	100
smORF_04	GMSC10.90AA.000_263_635_083	MVYILLLIAWRIKNMTIAFQLAVFALIITSSILLISVPVVFASPDGWSSNKNVVFSGTSLWIGLVFLVGILNSLIS*	MVYILLLIAWRIQNMTIAFQLAVFALIITSSILLISVPVVFASPDGWSSNKNVVFSGTSLWIGLVFLVGILNSLIS	77	76	76	1	76	1	76	136	98.7	7.37e-41	98.7	100
smORF_04	GMSC10.90AA.000_242_721_460	MVYILLLIAWRIKNMTIAFQLAVFALIITSSILLISVPVVFASPDGWSSNKNVVFSGTSLWIGLVFLVGILNSLIS*	MIEGSNGIVLLLVAWRIRNMTIAFQLAVFALIATSSILLISVPVVFASPDGWLSNKNIVFSGTSLWIGLVFLVGILNSLIS	77	81	73	4	76	9	81	125	91.8	1.12e-36	94.8	90.1
smORF_04	GMSC10.90AA.000_263_641_363	MVYILLLIAWRIKNMTIAFQLAVFALIITSSILLISVPVVFASPDGWSSNKNVVFSGTSLWIGLVFLVGILNSLIS*	MVYLLVMWGIRNMTIAFQLAIFALIATSAILLIGVPIVFASPEGWSSNKNVLFSGTSLWIGLVFLVAILNSLIS	77	74	76	1	76	1	74	114	81.6	4.92e-32	98.7	100
smORF_05	GMSC10.90AA.000_149_001_629	MPRSRINGNFIDKTFTIVADILLRVIPTTSGEKEAFTYYRDGAIWLSLFFFLADFDWNRKKNEYWKKIYAFEGEVYNIKKTIPSVMYPRLMQP*	MPRSRINGNFIDKTFTIVADILLRVIPTTSGEKEAFTYYRDGAIWLSLFFFLADFDWNRKKNEYWKKIYAFEGEVYNIKKTIPSVMYPRLMQP	94	93	93	1	93	1	93	196	100	5.52e-64	98.9	100
smORF_05	GMSC10.90AA.000_149_001_625	MPRSRINGNFIDKTFTIVADILLRVIPTTSGEKEAFTYYRDGAIWLSLFFFLADFDWNRKKNEYWKKIYAFEGEVYNIKKTIPSVMYPRLMQP*	MPRSRINENFIDKTFSIVANILLRIIPTTSGEKRAFTYYRDGAIWFYFFTEIGKKWKKPTLAEGEICKYKGLIPSVVYPRLMQPHMLKL	94	89	93	1	93	1	84	115	66.7	5.23e-32	98.9	94.4
smORF_06	GMSC10.90AA.000_265_066_319	MAKGKDVRVTIILECTSCVRNDIKKEAAGISRYITQKNRHNTPSRLELRKFCPYCYKHTIHGEIKK*	MAKGKDVRVTIILECTSCVRNDIKKEAAGISRYITQKNRHNTPSRLELRKFCPYCYKHTIHGEIKK	67	66	66	1	66	1	66	142	100	1.87e-43	98.5	100
smORF_06	GMSC10.90AA.000_233_368_449	MAKGKDVRVTIILECTSCVRNDIKKEAAGISRYITQKNRHNTPSRLELRKFCPYCYKHTIHGEIKK*	MAKGKDVRITVILECTSCVRNGVNKVSTGISRYITQKNRHNTPNRLELRKFCPYCYKHTIHGEIKK	67	66	66	1	66	1	66	129	86.4	1.44e-38	98.5	100
smORF_06	GMSC10.90AA.000_233_368_451	MAKGKDVRVTIILECTSCVRNDIKKEAAGISRYITQKNRHNTPSRLELRKFCPYCYKHTIHGEIKK*	MAKGKDVRVRVILECTGCVRNGVNKESTGISRYITQKNRHNTPSRLELRKFCPYCFKHTIHGEIKK	67	66	66	1	66	1	66	128	86.4	4.13e-38	98.5	100
smORF_06	GMSC10.90AA.000_009_599_975	MAKGKDVRVTIILECTSCVRNDIKKEAAGISRYITQKNRHNTPSRLELRKFCPYCYKHTIHGEIKK*	MAKGKDVRVTVILECTNCVRNGLNKESRGLSRYITQKNRHNTPSRLELRKFCRYCYKHTIHGEIKK	67	66	66	1	66	1	66	127	86.4	8.34e-38	98.5	100
smORF_06	GMSC10.90AA.000_009_599_976	MAKGKDVRVTIILECTSCVRNDIKKEAAGISRYITQKNRHNTPSRLELRKFCPYCYKHTIHGEIKK*	MAKGKDVRVVVILECTSCVRNGLNKESRGISRYITQKNRHNTPSQLDLKKFCPYCYKHTIHGEIKK	67	66	66	1	66	1	66	127	84.8	1.19e-37	98.5	100
smORF_06	GMSC10.90AA.000_233_368_371	MAKGKDVRVTIILECTSCVRNDIKKEAAGISRYITQKNRHNTPSRLELRKFCPYCYKHTIHGEIKK*	MAKGKDARVRVILECTSCVRNGVNKQSTGISRYITQKNRHNTPSRLELRKFCPYCFKHTIHGEIKK	67	66	66	1	66	1	66	127	84.8	1.19e-37	98.5	100
smORF_06	GMSC10.90AA.000_275_515_714	MAKGKDVRVTIILECTSCVRNDIKKEAAGISRYITQKNRHNTPSRLELRKFCPYCYKHTIHGEIKK*	MAKGKDVRVTVILECTSCVRNSVDKVSRGISRYITQKNRHNTPNRFELKKFCPYCYKHTIHGEIKK	67	66	66	1	66	1	66	127	84.8	1.69e-37	98.5	100
smORF_06	GMSC10.90AA.000_280_159_052	MAKGKDVRVTIILECTSCVRNDIKKEAAGISRYITQKNRHNTPSRLELRKFCPYCYKHTIHGEIKK*	MAKGKDVRIAVILECTNCVRNGVNKASTGISRYITQKNRHNTPNRLELRKFCPYCYKHTIHGEIKK	67	66	66	1	66	1	66	127	83.3	1.69e-37	98.5	100
smORF_06	GMSC10.90AA.000_286_694_162	MAKGKDVRVTIILECTSCVRNDIKKEAAGISRYITQKNRHNTPSRLELRKFCPYCYKHTIHGEIKK*	MARGKDARVTVVLECTNCIRNRVKKESMGISRYITQKNRHNTPSRLELRKFCPSCYKHTIHGEIKK	67	66	66	1	66	1	66	127	83.3	1.69e-37	98.5	100
smORF_06	GMSC10.90AA.000_265_066_293	MAKGKDVRVTIILECTSCVRNDIKKEAAGISRYITQKNRHNTPSRLELRKFCPYCYKHTIHGEIKK*	MAKGKDARVKVILECTGCVRKSVNKESRGISRYITQKNRHNTPSRLELRKFCPYCYKHTIHGEIKK	67	66	66	1	66	1	66	126	84.8	3.40e-37	98.5	100
smORF_06	GMSC10.90AA.000_009_599_971	MAKGKDVRVTIILECTSCVRNDIKKEAAGISRYITQKNRHNTPSRLELRKFCPYCYKHTIHGEIKK*	MAKGKDVRVRVILECTSCVRKNLNKKSRGISRYITQKNRHNTPSRLELRKFCPYCHKHTIHGEIKK	67	66	66	1	66	1	66	125	84.8	4.84e-37	98.5	100
smORF_06	GMSC10.90AA.000_275_515_722	MAKGKDVRVTIILECTSCVRNDIKKEAAGISRYITQKNRHNTPSRLELRKFCPYCYKHTIHGEIKK*	MAKGKEVRVRVILECTSCVRNGVNKESRGISRYITQKNRHNTPSRLELIKFCPYCYKHTLHGEIKK	67	66	66	1	66	1	66	125	84.8	4.84e-37	98.5	100
smORF_06	GMSC10.90AA.000_009_599_970	MAKGKDVRVTIILECTSCVRNDIKKEAAGISRYITQKNRHNTPSRLELRKFCPYCYKHTIHGEIKK*	MAKGKDVRVRVILECTGCVGNGVNKELAGISRYITQKNRHNTPSRLELRKFCPYCSKHTIHGEIKK	67	66	66	1	66	1	66	124	86.4	1.39e-36	98.5	100
smORF_06	GMSC10.90AA.000_009_599_967	MAKGKDVRVTIILECTSCVRNDIKKEAAGISRYITQKNRHNTPSRLELRKFCPYCYKHTIHGEIKK*	MAKGKDVRVIVILECTSCARNDVNKESPGISRYITQKNRHNTPGRLELRKFCRYCNKHTIHGEIKK	67	66	66	1	66	1	66	124	84.8	2.81e-36	98.5	100
smORF_06	GMSC10.90AA.000_009_599_684	MAKGKDVRVTIILECTSCVRNDIKKEAAGISRYITQKNRHNTPSRLELRKFCPYCYKHTIHGEIKK*	MAKGKDIRIRVILECTTCTRNSVNKKSTGISRYITQKNRHNTPSRLELRKFCRYCYKHTIHGEIKK	67	66	66	1	66	1	66	123	80.3	3.99e-36	98.5	100
smORF_06	GMSC10.90AA.000_009_805_419	MAKGKDVRVTIILECTSCVRNDIKKEAAGISRYITQKNRHNTPSRLELRKFCPYCYKHTIHGEIKK*	MAKKKGARVTVILECTSCIQNGVKKVSTGISRYITQKNRHNTPNRLELRKFCPYCYKHTIHGEIKK	67	66	66	1	66	1	66	122	81.8	8.05e-36	98.5	100
smORF_06	GMSC10.90AA.000_275_515_713	MAKGKDVRVTIILECTSCVRNDIKKEAAGISRYITQKNRHNTPSRLELRKFCPYCYKHTIHGEIKK*	MAKGKDVRVRVILECTSCVRNGVNKESPGISRYITQKNRHNTSSRLELRKFCRYCHKHTIHGEIKK	67	66	66	1	66	1	66	122	84.8	8.05e-36	98.5	100
smORF_06	GMSC10.90AA.000_233_368_450	MAKGKDVRVTIILECTSCVRNDIKKEAAGISRYITQKNRHNTPSRLELRKFCPYCYKHTIHGEIKK*	MAKGKDVRVNVILECTSCVRKNGNKESRGISRYITQKNRRNTPNRLELKKFCPYCYKHTIHGEIKK	67	66	66	1	66	1	66	122	83.3	1.63e-35	98.5	100
smORF_06	GMSC10.90AA.000_275_515_712	MAKGKDVRVTIILECTSCVRNDIKKEAAGISRYITQKNRHNTPSRLELRKFCPYCYKHTIHGEIKK*	MAKGKDVRVRVILECTSCIQNGVNKELPGISRYITQKNRHNTPSRLDLRKFCRYCHKHTIHGEIKK	67	66	66	1	66	1	66	122	81.8	1.63e-35	98.5	100
smORF_06	GMSC10.90AA.000_275_593_808	MAKGKDVRVTIILECTSCVRNDIKKEAAGISRYITQKNRHNTPSRLELRKFCPYCYKHTIHGEIKK*	MANGKDVRIRVILECTSCVRKSVNKKSIGISRYITQKNRHNKPSRLELKKFCPYCYKHTIHGEIKK	67	66	66	1	66	1	66	122	80.3	1.63e-35	98.5	100
smORF_06	GMSC10.90AA.000_144_568_746	MAKGKDVRVTIILECTSCVRNDIKKEAAGISRYITQKNRHNTPSRLELRKFCPYCYKHTIHGEIKK*	MPKGKNPRVTVILECTSCVRNGADKKKESPGISRYITQKNRHNTPGRLELKKFCPYCYKHTIHGEIKK	67	68	68	1	66	1	68	122	83.8	1.72e-35	98.5	100
smORF_06	GMSC10.90AA.000_004_308_800	MAKGKDVRVTIILECTSCVRNDIKKEAAGISRYITQKNRHNTPSRLELRKFCPYCYKHTIHGEIKK*	MAEGKDARVKVILECTGCARKSVNKESRGVSRYITQKNRHNTPSRLELRKFCPYCYRHTIHGEIKK	67	66	66	1	66	1	66	121	78.8	2.31e-35	98.5	100
smORF_06	GMSC10.90AA.000_275_515_710	MAKGKDVRVTIILECTSCVRNDIKKEAAGISRYITQKNRHNTPSRLELRKFCPYCYKHTIHGEIKK*	MAKGKDVRIPVILECTACVRNGVNKASTGISRYITQKNRHNTPNRLELLKFCPYCYKHTIHAEIKK	67	66	66	1	66	1	66	121	80.3	2.31e-35	98.5	100
smORF_06	GMSC10.90AA.000_009_599_600	MAKGKDVRVTIILECTSCVRNDIKKEAAGISRYITQKNRHNTPSRLELRKFCPYCYKHTIHGEIKK*	MAKGKDARVTVILECTRCVRNGNGVNKESIGISRYITQKNRHNTPSRLELRKFCPRCYKHTIHGEIKK	67	68	68	1	66	1	68	121	83.8	2.44e-35	98.5	100
smORF_06	GMSC10.90AA.000_009_599_972	MAKGKDVRVTIILECTSCVRNDIKKEAAGISRYITQKNRHNTPSRLELRKFCPYCYKHTIHGEIKK*	MAKGKDVRVRVILECTSCVRNGVTKEFPGISRYITQKNRHNTPSRLELKKFCRYCKKHTIHGEVKK	67	66	66	1	66	1	66	121	83.3	3.28e-35	98.5	100
smORF_07	GMSC10.90AA.000_255_092_180	MRDLKTYLSVAPVLSTLWFGSLAGLLIEINRLFPDALTFPFFSF*	MRDLKTYLSVAPVISTLWFGSLAGLLIEINRFFPDALTFPFFSF	45	44	44	1	44	1	44	90.1	95.5	1.75e-23	97.8	100
smORF_07	GMSC10.90AA.000_287_548_953	MRDLKTYLSVAPVLSTLWFGSLAGLLIEINRLFPDALTFPFFSF*	MRDLKTYLSVAPVLSTLWFGALAGLLIEINRFFPDALTFPFFSF	45	44	44	1	44	1	44	89.7	95.5	2.48e-23	97.8	100
smORF_07	GMSC10.90AA.000_286_608_277	MRDLKTYLSVAPVLSTLWFGSLAGLLIEINRLFPDALTFPFFSF*	MRDIKTYLSVAPVLATLWFGSLAGLLIEINRLFPDALVFPFFSF	45	44	44	1	44	1	44	88.6	93.2	7.13e-23	97.8	100
smORF_07	GMSC10.90AA.000_278_675_684	MRDLKTYLSVAPVLSTLWFGSLAGLLIEINRLFPDALTFPFFSF*	MRDIKTYLSVAPVIATLWFGSLAGLLIEINRLFPDALSFPFFSF	45	44	44	1	44	1	44	88.2	90.9	1.01e-22	97.8	100
smORF_07	GMSC10.90AA.000_163_330_064	MRDLKTYLSVAPVLSTLWFGSLAGLLIEINRLFPDALTFPFFSF*	MRDLKTYLSVAPVLSTLWFGALAGLLIEINRFFPDALTFPFLSF	45	44	44	1	44	1	44	87.4	93.2	2.05e-22	97.8	100
smORF_07	GMSC10.90AA.000_281_829_702	MRDLKTYLSVAPVLSTLWFGSLAGLLIEINRLFPDALTFPFFSF*	MRDIKTYLSTAPVLTTLWFGSLAGLLIEINRLFPDALSFPFFSF	45	44	44	1	44	1	44	87.4	90.9	2.05e-22	97.8	100
smORF_07	GMSC10.90AA.000_284_711_597	MRDLKTYLSVAPVLSTLWFGSLAGLLIEINRLFPDALTFPFFSF*	MRDFKTYLSVAPVLSALWFGSLAGLLIEINRFFPDALTFPFFSF	45	44	44	1	44	1	44	87.4	93.2	2.05e-22	97.8	100
smORF_07	GMSC10.90AA.000_163_330_063	MRDLKTYLSVAPVLSTLWFGSLAGLLIEINRLFPDALTFPFFSF*	MRDLKTYLSTAPVLSTIWFGSLAGLLIEINRLFPDALTFPFFN	45	43	43	1	43	1	43	87.0	93.0	2.85e-22	95.6	100
smORF_07	GMSC10.90AA.000_177_433_621	MRDLKTYLSVAPVLSTLWFGSLAGLLIEINRLFPDALTFPFFSF*	MRYLKTYLSVAPIISTLWFGSLAGLLIEINRFFPDALTFPFFSF	45	44	44	1	44	1	44	86.3	90.9	5.88e-22	97.8	100
smORF_07	GMSC10.90AA.000_272_202_597	MRDLKTYLSVAPVLSTLWFGSLAGLLIEINRLFPDALTFPFFSF*	MRDLKTYLSAAPVLSTLWFVSLAGLLIEINRFFPDALTFPFFSF	45	44	44	1	44	1	44	85.9	93.2	8.36e-22	97.8	100
smORF_07	GMSC10.90AA.000_272_202_598	MRDLKTYLSVAPVLSTLWFGSLAGLLIEINRLFPDALTFPFFSF*	MRDLKTYLSVAPVVSALWFGSLAGLLIEINRFFPDALIFPFFSF	45	44	44	1	44	1	44	85.5	90.9	1.19e-21	97.8	100
smORF_07	GMSC10.90AA.000_255_092_181	MRDLKTYLSVAPVLSTLWFGSLAGLLIEINRLFPDALTFPFFSF*	MRDLKTYLSVAPVVSTLWFGSLAGLLIEINRFFPDALIFPFF	45	42	42	1	42	1	42	83.6	92.9	6.62e-21	93.3	100
smORF_07	GMSC10.90AA.000_255_092_179	MRDLKTYLSVAPVLSTLWFGSLAGLLIEINRLFPDALTFPFFSF*	MRDLKTYLSVAPVASTLWFAALAGLLIEINRLFPDALTFPFF	45	42	42	1	42	1	42	83.2	92.9	9.40e-21	93.3	100
smORF_07	GMSC10.90AA.000_286_329_868	MRDLKTYLSVAPVLSTLWFGSLAGLLIEINRLFPDALTFPFFSF*	MRDLKTYLSVAPVVSTIWFVSLAGLLIEINRLFPDALIFPFFSL	45	44	43	1	43	1	43	82.8	90.7	1.39e-20	95.6	97.7
smORF_07	GMSC10.90AA.000_271_793_197	MRDLKTYLSVAPVLSTLWFGSLAGLLIEINRLFPDALTFPFFSF*	MQDIKTYLSTAPVLATLWLGFLAGLLIEINRFFPDALTFPFFSF	45	44	44	1	44	1	44	81.3	84.1	5.68e-20	97.8	100
smORF_07	GMSC10.90AA.000_253_816_083	MRDLKTYLSVAPVLSTLWFGSLAGLLIEINRLFPDALTFPFFSF*	MQDLKTYLSTAPVLATLWFGLLAGLLIEINRFYPDALVLPFL	45	42	41	1	41	1	41	73.2	80.5	8.79e-17	91.1	97.6
smORF_07	GMSC10.90AA.000_163_330_067	MRDLKTYLSVAPVLSTLWFGSLAGLLIEINRLFPDALTFPFFSF*	MRDLKTYLSVAPVVSTLWFGSLAGLLIEINRLFPLIFSFF	45	40	42	1	42	1	40	72.8	88.1	1.20e-16	93.3	100
smORF_07	GMSC10.90AA.000_153_683_606	MRDLKTYLSVAPVLSTLWFGSLAGLLIEINRLFPDALTFPFFSF*	MQDFQTYLSTAPVIATLWFGILAGLLIEINRFFPDALVLPFI	45	42	41	1	41	1	41	70.5	75.6	1.03e-15	91.1	97.6
smORF_07	GMSC10.90AA.000_088_777_580	MRDLKTYLSVAPVLSTLWFGSLAGLLIEINRLFPDALTFPFFSF*	MKDFTTYLSTAPVIATVWFGLLAGLLIEINRFFPDALTFAF	45	41	41	1	41	1	41	70.1	75.6	1.44e-15	91.1	100
smORF_07	GMSC10.90AA.000_153_946_393	MRDLKTYLSVAPVLSTLWFGSLAGLLIEINRLFPDALTFPFFSF*	MQDVKIYLSTAPVLATLWFGFSAGFLIEINRFFPDALVFPFL	45	42	41	1	41	1	41	69.3	75.6	2.96e-15	91.1	97.6
smORF_07	GMSC10.90AA.000_253_836_826	MRDLKTYLSVAPVLSTLWFGSLAGLLIEINRLFPDALTFPFFSF*	MQDVKTYLSTAPVLAAIWFGILAGLLIEINRFFPDALVLPYV	45	42	41	1	41	1	41	69.3	73.2	2.96e-15	91.1	97.6
smORF_07	GMSC10.90AA.000_153_947_007	MRDLKTYLSVAPVLSTLWFGSLAGLLIEINRLFPDALTFPFFSF*	MQDVKTYLSTAPVLAALWFGILAGLLIEINLFFPDALVLPFV	45	42	41	1	41	1	41	68.6	75.6	5.98e-15	91.1	97.6
smORF_07	GMSC10.90AA.000_155_533_016	MRDLKTYLSVAPVLSTLWFGSLAGLLIEINRLFPDALTFPFFSF*	MQHVKTYLSTAPVVAAIWFGLLAGSLIEVNRFFPDALLFPFF	45	42	42	1	42	1	42	67.8	69.0	1.21e-14	93.3	100
smORF_07	GMSC10.90AA.000_157_505_105	MRDLKTYLSVAPVLSTLWFGSLAGLLIEINRLFPDALTFPFFSF*	MQNFTTYLSTAPVLAAVWFGFLAGLLIEINRFFPDPLVFPFF	45	42	42	1	42	1	42	67.8	71.4	1.21e-14	93.3	100
smORF_07	GMSC10.90AA.000_163_226_313	MRDLKTYLSVAPVLSTLWFGSLAGLLIEINRLFPDALTFPFFSF*	MRDIKAYLSVAPVQQLHWLDISLFGSLAGFLIEINRLFPDALTFPFLNSSY	45	51	48	1	43	1	48	67.8	70.8	1.47e-14	95.6	94.1
smORF_08	GMSC10.90AA.000_279_217_133	MSSPEFARTIPVSPPMVNKKMNPTANNMGVLYCIEPPHMVAIQLKILIPVGTAMIMVAAVK*	MSSPEFARTIPVSPPIVNKKMDPTANNMGVLNCIEPPHIVAIQLKILIPVGTAMIMVAAVK	62	61	61	1	61	1	61	112	93.4	1.07e-31	98.4	100
smORF_08	GMSC10.90AA.000_287_795_908	MSSPEFARTIPVSPPMVNKKMNPTANNMGVLYCIEPPHMVAIQLKILIPVGTAMIMVAAVK*	MSSPELAGTIPVSPPTVNKKMDPTANNMGVLYCIEPPHMVAIQLKILIPVGTAMIMVAAVK	62	61	61	1	61	1	61	111	93.4	2.17e-31	98.4	100
smORF_08	GMSC10.90AA.000_257_894_253	MSSPEFARTIPVSPPMVNKKMNPTANNMGVLYCIEPPHMVAIQLKILIPVGTAMIMVAAVK*	MSIPEFARTIPVSPPMVNRKRNPTANNMGVLYRIEPPHMVAIQLKILIPVGTAMIMVAAVK	62	61	61	1	61	1	61	110	93.4	6.22e-31	98.4	100
smORF_08	GMSC10.90AA.000_258_864_453	MSSPEFARTIPVSPPMVNKKMNPTANNMGVLYCIEPPHMVAIQLKILIPVGTAMIMVAAVK*	MSSPGFARTIPVSPPMVNGKMDPAADNMGVLYRIEPPHMVAIRLKILIPVGTAMIMVAAVE	62	61	61	1	61	1	61	101	86.9	1.42e-27	98.4	100
smORF_08	GMSC10.90AA.000_190_994_606	MSSPEFARTIPVSPPMVNKKMNPTANNMGVLYCIEPPHMVAIQLKILIPVGTAMIMVAAVK*	MSSPEFARTIPVSPPMVDRRMDPTADGIGVLYRIEPPHMVAIQLKILIPVGTAVIMVAAVE	62	61	61	1	61	1	61	100	83.6	2.87e-27	98.4	100
smORF_08	GMSC10.90AA.000_190_994_602	MSSPEFARTIPVSPPMVNKKMNPTANNMGVLYCIEPPHMVAIQLKILIPVGTAMIMVAAVK*	MSSPEFAKIIPVSPPIVNKKINPIANNIGVLKVIEPSHIVAIQLKILIPVGTAIIIVAAVK	62	61	61	1	61	1	61	95.1	80.3	5.59e-25	98.4	100
smORF_08	GMSC10.90AA.000_184_235_234	MSSPEFARTIPVSPPMVNKKMNPTANNMGVLYCIEPPHMVAIQLKILIPVGTAMIMVAAVK*	MSIPELARTTPVNPPMVKRKINPTAKSIGVLNSMVPPHMVAIQLKIFIPVGTAMIIVAAVK	62	61	61	1	61	1	61	87.8	73.8	4.43e-22	98.4	100
smORF_08	GMSC10.90AA.000_187_642_546	MSSPEFARTIPVSPPMVNKKMNPTANNMGVLYCIEPPHMVAIQLKILIPVGTAMIMVAAVK*	MSNPEFAKTTPVKPPIVNKKINPNANKAGVLISTEPPHNVANQLKILIPVGTAIIIVAAVK	62	61	61	1	61	1	61	87.8	73.8	4.43e-22	98.4	100
smORF_08	GMSC10.90AA.000_184_234_535	MSSPEFARTIPVSPPMVNKKMNPTANNMGVLYCIEPPHMVAIQLKILIPVGTAMIMVAAVK*	MSIPEFAKITPVSPPTVKRKMNPIANNIGVRNTILPPHMVAIQLKILIPVGTAIIIVAAVK	62	61	61	1	61	1	61	87.4	75.4	6.30e-22	98.4	100
smORF_08	GMSC10.90AA.000_187_642_550	MSSPEFARTIPVSPPMVNKKMNPTANNMGVLYCIEPPHMVAIQLKILIPVGTAMIMVAAVK*	MSNPEFASKTPVTPPIVNKNKNPQANNMGVLNSILPPHNVAIQLKILIPVGTAIIIVAAVK	62	61	61	1	61	1	61	87.4	75.4	6.30e-22	98.4	100
smORF_08	GMSC10.90AA.000_184_235_226	MSSPEFARTIPVSPPMVNKKMNPTANNMGVLYCIEPPHMVAIQLKILIPVGTAMIMVAAVK*	MSIPELAKITPVTPPIVKRKIKPTANNIGVLKLIEPPHIVAIQLKILIPVGTAIIIVAAVK	62	61	61	1	61	1	61	87.0	72.1	8.95e-22	98.4	100
smORF_08	GMSC10.90AA.000_141_312_146	MSSPEFARTIPVSPPMVNKKMNPTANNMGVLYCIEPPHMVAIQLKILIPVGTAMIMVAAVK*	MPELAKTTPVKPPTVNKKMKPTANNIGVRNSIEPPHMVAIQLNILMPVGTAIIIVAAVK	62	59	58	4	61	2	59	86.7	75.9	1.21e-21	93.5	98.3
smORF_08	GMSC10.90AA.000_184_226_979	MSSPEFARTIPVSPPMVNKKMNPTANNMGVLYCIEPPHMVAIQLKILIPVGTAMIMVAAVK*	MSIPAFANTTPVTPPNVNRKMNPIANNIGVVNFIDPPHIVAIQLKILIPVGTAITIVAAVK	62	61	61	1	61	1	61	86.7	72.1	1.27e-21	98.4	100
smORF_08	GMSC10.90AA.000_257_894_252	MSSPEFARTIPVSPPMVNKKMNPTANNMGVLYCIEPPHMVAIQLKILIPVGTAMIMVAAVK*	MSIPEFAKTTPVTPPIVNRKMNPTANKPGVRKSIEPPHKVASQLKILIPVGIAIIIVAAVK	62	61	61	1	61	1	61	86.7	73.8	1.27e-21	98.4	100
smORF_08	GMSC10.90AA.000_185_209_994	MSSPEFARTIPVSPPMVNKKMNPTANNMGVLYCIEPPHMVAIQLKILIPVGTAMIMVAAVK*	MSKPELERIIPVNPPSVNRKINPIEKSIGVLSTMEPPHMVAIQLKILIPVGTAMIIVAAVK	62	61	61	1	61	1	61	86.3	72.1	1.81e-21	98.4	100
smORF_08	GMSC10.90AA.000_257_177_320	MSSPEFARTIPVSPPMVNKKMNPTANNMGVLYCIEPPHMVAIQLKILIPVGTAMIMVAAVK*	MSCNAISIPEFAKTTPVTPPTVNKKIKPIANNVGVLKSIEPPHSVANQLKILIPVGIAMIIVAAVK	62	66	61	1	61	6	66	86.3	73.8	2.05e-21	98.4	92.4
smORF_08	GMSC10.90AA.000_060_420_058	MSSPEFARTIPVSPPMVNKKMNPTANNMGVLYCIEPPHMVAIQLKILIPVGTAMIMVAAVK*	MGISIPAFAKTTPVTPPMVNKKINPTAYNIGVLNSIDPPHMVAIQLKILMPVGTAITRVANIK	62	63	61	1	61	3	63	85.9	70.5	2.70e-21	98.4	96.8
smORF_08	GMSC10.90AA.000_141_095_008	MSSPEFARTIPVSPPMVNKKMNPTANNMGVLYCIEPPHMVAIQLKILIPVGTAMIMVAAVK*	MPEFARTTPVTPPSVNRKMKPIAQSMGVLNSIEPPHMVAIQEKILMPVGTAMTMVAATK	62	59	58	4	61	2	59	85.5	75.9	3.47e-21	93.5	98.3
smORF_08	GMSC10.90AA.000_184_256_253	MSSPEFARTIPVSPPMVNKKMNPTANNMGVLYCIEPPHMVAIQLKILIPVGTAMIMVAAVK*	MSIPQFANTIPVNPPIVNKKMNPKVHNIGVRKSNEPPHIVANQLKILIPVGTAIIIVAAVK	62	61	61	1	61	1	61	85.5	72.1	3.65e-21	98.4	100
smORF_08	GMSC10.90AA.000_138_858_840	MSSPEFARTIPVSPPMVNKKMNPTANNMGVLYCIEPPHMVAIQLKILIPVGTAMIMVAAVK*	MPAFASTTPVTPPTVNRKMNPTANSIGVVNRIEPPHMVAIHEKILIPVGTAMTMVAAVK	62	59	58	4	61	2	59	85.1	75.9	4.93e-21	93.5	98.3
smORF_08	GMSC10.90AA.000_278_216_425	MSSPEFARTIPVSPPMVNKKMNPTANNMGVLYCIEPPHMVAIQLKILIPVGTAMIMVAAVK*	MPALASTTPVTPPTVNRKMKPTANSIGVLNSMEPPHMVAIQLKILMPVGTAMIMVAATK	62	59	58	4	61	2	59	85.1	74.1	4.93e-21	93.5	98.3
smORF_08	GMSC10.90AA.000_082_298_682	MSSPEFARTIPVSPPMVNKKMNPTANNMGVLYCIEPPHMVAIQLKILIPVGTAMIMVAAVK*	MIPELERTTPVNPPRVNKKINPIANNIGVSNLIDPPHIVAIQLKILIPVGTAIIIVAAVK	62	60	58	4	61	3	60	85.1	74.1	5.06e-21	93.5	96.7
smORF_08	GMSC10.90AA.000_273_426_436	MSSPEFARTIPVSPPMVNKKMNPTANNMGVLYCIEPPHMVAIQLKILIPVGTAMIMVAAVK*	MSSPELAKTTPVNPPTVNRKINPIANSIGVLNSILPAHIVAIQLKILIPVGTAIIIVAAVK	62	61	61	1	61	1	61	85.1	72.1	5.18e-21	98.4	100
smORF_08	GMSC10.90AA.000_271_507_873	MSSPEFARTIPVSPPMVNKKMNPTANNMGVLYCIEPPHMVAIQLKILIPVGTAMIMVAAVK*	MPPFASTTPVTPPTVNRKMKPTANSIGVFISIEPPHMVAIQEKILMPVGTAMIIVAAVK	62	59	58	4	61	2	59	84.7	74.1	7.01e-21	93.5	98.3
smORF_08	GMSC10.90AA.000_060_420_062	MSSPEFARTIPVSPPMVNKKMNPTANNMGVLYCIEPPHMVAIQLKILIPVGTAMIMVAAVK*	MGISIPALARTTPVTPPIVNRKMNPIAYNIGVLNSIEPPHMVAIQLKILIPVGTAITRVASIK	62	63	61	1	61	3	63	84.7	70.5	7.75e-21	98.4	96.8
smORF_09	GMSC10.90AA.000_213_604_316	MVFSRMFRMSRLLNSLTDWLLELTNGLPASLLFVLEPLLAMDLLWLTGPEMS*	MVFSRMFRMSRLLNSLTDWLLELTNGLSASLLFVLEPLLAMDLLWLTGPEMS	53	52	52	1	52	1	52	99.0	98.1	9.07e-27	98.1	100
smORF_10	GMSC10.90AA.000_265_694_452	MCLELILNAVNMNFVTFSDFFDNSQLQGEIFCIFVIAIAAAEAAIGLAIVSSIYRNRKSIRINQSTLLNK*	MCLELILNAVNMNFVTFSDFFDNSQLKGEIFCIFVIAIAAAEAAIGLAIVSSIYRNRKSIRINQSTLLNK	71	70	70	1	70	1	70	130	98.6	6.63e-39	98.6	100
smORF_10	GMSC10.90AA.000_287_764_251	MCLELILNAVNMNFVTFSDFFDNSQLQGEIFCIFVIAIAAAEAAIGLAIVSSIYRNRKSIRINQSTLLNK*	MVRALMCLELILNAVNINFVTFSDFFDSRQLKGDIFSIFVIAIAAAEAAIGSAIVSSIYRNRKSTRINQSTLLNK	71	75	70	1	70	6	75	116	88.6	4.80e-33	98.6	93.3
smORF_10	GMSC10.90AA.000_023_067_684	MCLELILNAVNMNFVTFSDFFDNSQLQGEIFCIFVIAIAAAEAAIGLAIVSSIYRNRKSIRINQSTLLNK*	MCLELILNAVNINLVTFSDFFDSRQLKGNIFSIFVIVVAAAEAAIGPAIVSSIYRNRKSIRMNQSNLLNK	71	70	70	1	70	1	70	109	82.9	1.64e-30	98.6	100
smORF_10	GMSC10.90AA.000_265_694_453	MCLELILNAVNMNFVTFSDFFDNSQLQGEIFCIFVIAIAAAEAAIGLAIVSSIYRNRKSIRINQSTLLNK*	MCLELILNSVNINLVTFSDIFDSRQLKGNIFSIFIIAVAAAEAAIGLAIVSSIHRNRKSTRINQSNLLNN	71	70	69	1	69	1	69	105	79.7	7.82e-29	97.2	98.6
smORF_10	GMSC10.90AA.000_263_011_749	MCLELILNAVNMNFVTFSDFFDNSQLQGEIFCIFVIAIAAAEAAIGLAIVSSIYRNRKSIRINQSTLLNK*	MVRALICLELILNSINLNLVTFSDLFDSRQLKGDIFAIFVIALAAAEAAIGLSILSSIHRNRKSTRINQSNLLNN	71	75	68	2	69	7	74	102	76.5	1.05e-27	95.8	90.7
smORF_10	GMSC10.90AA.000_220_408_268	MCLELILNAVNMNFVTFSDFFDNSQLQGEIFCIFVIAIAAAEAAIGLAIVSSIYRNRKSIRINQSTLLNK*	MVRALMCLELILNAVNINLVTFSNFLDNSQIKGEVFSIFIIAIAAAEATIGLSIVLAIYRNRKSARIDQFNLLKW	71	75	68	1	68	6	73	99.0	75.0	3.51e-26	95.8	90.7
smORF_10	GMSC10.90AA.000_235_274_070	MCLELILNAVNMNFVTFSDFFDNSQLQGEIFCIFVIAIAAAEAAIGLAIVSSIYRNRKSIRINQSTLLNK*	MCLELVFNAVNINLITFSNSFDTQQTKGEIFAIFIIAIAAAEAAIGLAIVLAIYRNKNSTRIDQFNLLKW	71	70	68	1	68	1	68	91.3	69.1	3.44e-23	95.8	97.1
smORF_10	GMSC10.90AA.000_185_854_648	MCLELILNAVNMNFVTFSDFFDNSQLQGEIFCIFVIAIAAAEAAIGLAIVSSIYRNRKSIRINQSTLLNK*	MSLELLLNAVNLNFASFSTFMDSQELKGQVFALFVITIAAAESAIALAILLSIYRNKQSIALDQFNLLKW	71	70	68	1	68	1	68	82.0	60.3	1.57e-19	95.8	97.1
smORF_10	GMSC10.90AA.000_220_408_328	MCLELILNAVNMNFVTFSDFFDNSQLQGEIFCIFVIAIAAAEAAIGLAIVSSIYRNRKSIRINQSTLLNK*	MVRALMSLELILNAINLNFILFSNLLKNQQAGGEIFTIFVIAIAAAEAATGLAIALSLQRNRRSTRIDQFNLLKW	71	75	68	1	68	6	73	82.0	66.2	1.79e-19	95.8	90.7
smORF_10	GMSC10.90AA.000_183_855_970	MCLELILNAVNMNFVTFSDFFDNSQLQGEIFCIFVIAIAAAEAAIGLAIVSSIYRNRKSIRINQSTLLNK*	MSIELMLNAVNINLITFSSYVDNNLIQGQVFTIFVITVAAAEAAVGLAILLSLYRNRVTVDMESFNLLKW	71	70	68	1	68	1	68	79.0	55.9	2.60e-18	95.8	97.1
smORF_10	GMSC10.90AA.000_185_876_491	MCLELILNAVNMNFVTFSDFFDNSQLQGEIFCIFVIAIAAAEAAIGLAIVSSIYRNRKSIRINQSTLLNK*	MSLESIFNAVNLNLITFSNFFNNKQAGGEIFSTFVTAVAAAEAATGLATALSLHRNRRSTRIDQFNLLKW	71	70	68	1	68	1	68	79.0	61.8	2.60e-18	95.8	97.1
smORF_10	GMSC10.90AA.000_257_837_975	MCLELILNAVNMNFVTFSDFFDNSQLQGEIFCIFVIAIAAAEAAIGLAIVSSIYRNRKSIRINQSTLLNK*	MSIELMLNAVNLNLMAFSNYLDPAEIKGQVFAVFVITIAAAEAAVGLAIVLSIYRNRDTVDMEQFNLLKW	71	70	68	1	68	1	68	79.0	55.9	2.60e-18	95.8	97.1
smORF_10	GMSC10.90AA.000_265_140_850	MCLELILNAVNMNFVTFSDFFDNSQLQGEIFCIFVIAIAAAEAAIGLAIVSSIYRNRKSIRINQSTLLNK*	MALELMFNAVNLNFVAFSRYLPSTMLQGQIFAIFVITIAAAEAAVGLAIVLGLYRNFKTINVDEINLMKW	71	70	68	1	68	1	68	79.0	58.8	2.60e-18	95.8	97.1
smORF_10	GMSC10.90AA.000_273_084_643	MCLELILNAVNMNFVTFSDFFDNSQLQGEIFCIFVIAIAAAEAAIGLAIVSSIYRNRKSIRINQSTLLNK*	MSIELMLNAVNLNLMGFSNFIDPQEIKGQVFTVFVITVAAAEAAVGLAIVLSIYRNRETVDMEQFNLLKW	71	70	68	1	68	1	68	79.0	55.9	2.60e-18	95.8	97.1
smORF_10	GMSC10.90AA.000_183_855_406	MCLELILNAVNMNFVTFSDFFDNSQLQGEIFCIFVIAIAAAEAAIGLAIVSSIYRNRKSIRINQSTLLNK*	MSIELLLNAVNLNLIGFSNYLDPSEIKGQIFAIFVITIAAAEAAVGLAIILAIYRNRDTIDMERFNLLKW	71	70	68	1	68	1	68	78.6	57.4	3.69e-18	95.8	97.1
smORF_10	GMSC10.90AA.000_183_856_044	MCLELILNAVNMNFVTFSDFFDNSQLQGEIFCIFVIAIAAAEAAIGLAIVSSIYRNRKSIRINQSTLLNK*	MSIELMLNAVNLNFMAFSNFVDSAMIRGQVFSVFVITVAAAEAAVGLAIVLGIYRNRATIDMESFNLLKW	71	70	68	1	68	1	68	78.6	55.9	3.69e-18	95.8	97.1
smORF_10	GMSC10.90AA.000_257_837_867	MCLELILNAVNMNFVTFSDFFDNSQLQGEIFCIFVIAIAAAEAAIGLAIVSSIYRNRKSIRINQSTLLNK*	MSIELLLNAVNINLMAFSNFLDSEGIRGQVFTVFVITIAAAEAAVGLAIVLSIYRNRGTVDMEQFNLLKW	71	70	68	1	68	1	68	78.6	57.4	3.69e-18	95.8	97.1
smORF_10	GMSC10.90AA.000_183_856_043	MCLELILNAVNMNFVTFSDFFDNSQLQGEIFCIFVIAIAAAEAAIGLAIVSSIYRNRKSIRINQSTLLNK*	MSIELMLNAVNLNFMAFSNFVDSALIRGQVFSVFVITVAAAEAAVGLAIVLGIYRNRATIDMERFNLLKW	71	70	68	1	68	1	68	78.2	55.9	5.24e-18	95.8	97.1
smORF_10	GMSC10.90AA.000_279_063_257	MCLELILNAVNMNFVTFSDFFDNSQLQGEIFCIFVIAIAAAEAAIGLAIVSSIYRNRKSIRINQSTLLNK*	MSIELMLNAVNINLMSFSSYIDNSLIQGQVFTIFVITVAAAEAAVGLAILLSLYRNRVTVDMESFNLLKW	71	70	68	1	68	1	68	78.2	55.9	5.24e-18	95.8	97.1
smORF_10	GMSC10.90AA.000_282_131_527	MCLELILNAVNMNFVTFSDFFDNSQLQGEIFCIFVIAIAAAEAAIGLAIVSSIYRNRKSIRINQSTLLNK*	MSVELMLNAVNLNLMAFSNFLDSASIRGQVFTIFVISVAAAEAAVGLAIVLSIYRSRDTVDMEQFNLLRW	71	70	68	1	68	1	68	78.2	55.9	5.24e-18	95.8	97.1
smORF_10	GMSC10.90AA.000_287_322_348	MCLELILNAVNMNFVTFSDFFDNSQLQGEIFCIFVIAIAAAEAAIGLAIVSSIYRNRKSIRINQSTLLNK*	MRVLMSIELLLNAVNLNLMAFSNFLDSTLIKGQVFTVFVITVAAAEAAVGLAIVLTIYRNRDTVDMEQFNLLKW	71	74	68	1	68	5	72	78.2	54.4	5.82e-18	95.8	91.9
smORF_10	GMSC10.90AA.000_183_855_404	MCLELILNAVNMNFVTFSDFFDNSQLQGEIFCIFVIAIAAAEAAIGLAIVSSIYRNRKSIRINQSTLLNK*	MSIELLLNAVNINLMGFSNFLDPANIKGQIFAVFVITVAAAEAAVGLAIILAIYRNRETVDMEQFNLLKW	71	70	68	1	68	1	68	77.8	54.4	7.45e-18	95.8	97.1
smORF_10	GMSC10.90AA.000_273_084_629	MCLELILNAVNMNFVTFSDFFDNSQLQGEIFCIFVIAIAAAEAAIGLAIVSSIYRNRKSIRINQSTLLNK*	MSIELMLNAVNINLMTFSSYIDNNLIQGQVFTIFVLTVAAAEAAVGLAILLSLYRNRVTVDMESFNLLKW	71	70	68	1	68	1	68	77.8	54.4	7.45e-18	95.8	97.1
smORF_10	GMSC10.90AA.000_279_063_238	MCLELILNAVNMNFVTFSDFFDNSQLQGEIFCIFVIAIAAAEAAIGLAIVSSIYRNRKSIRINQSTLLNK*	MSIELLLNAVNLNLMGFSNFIDPQGIKGQVFTVFVITVAAAEAAVGLAIVLSIYRNRETVDMEQFNLLKW	71	70	68	1	68	1	68	77.8	55.9	7.45e-18	95.8	97.1
smORF_10	GMSC10.90AA.000_183_856_045	MCLELILNAVNMNFVTFSDFFDNSQLQGEIFCIFVIAIAAAEAAIGLAIVSSIYRNRKSIRINQSTLLNK*	MSIELMLNAVNLNFMAFSNFVDSGLIRGQVFSVFVITVAAAEAAVGLAIVLGIYRNRATIDMESFNLLKW	71	70	68	1	68	1	68	77.4	55.9	1.06e-17	95.8	97.1
smORF_11	GMSC10.90AA.000_239_254_680	MSHSVKIYDTCIGCTQCVRACPTDVLEMIPWDGCKAKQIASAPRTEDXXXXXXXXXXXXXXXLSVRVYLWHETTRSMGLAY*	MFKNFIDPMSHSVKIYDTCIGCTQCVRACPTDVLEMIPWDGCKAKQIASAPRTEDCVGCKRCESACPTDFLSVRVYLWHETTRSMGLAY	82	89	81	1	81	9	89	138	100	1.61e-41	98.8	91.0
smORF_11	GMSC10.90AA.000_125_702_184	MSHSVKIYDTCIGCTQCVRACPTDVLEMIPWDGCKAKQIASAPRTEDXXXXXXXXXXXXXXXLSVRVYLWHETTRSMGLAY*	MMFKKWIDPMSHSVKIYDTCIGCTQCVRACPTDVLEMIPWDGCKAKQIASAPRTEDCVGCKRCESACPTDFLSVRVYLWHETTRSMGLAY	82	90	81	1	81	10	90	138	100	1.66e-41	98.8	90.0
smORF_11	GMSC10.90AA.000_197_925_476	MSHSVKIYDTCIGCTQCVRACPTDVLEMIPWDGCKAKQIASAPRTEDXXXXXXXXXXXXXXXLSVRVYLWHETTRSMGLAY*	MTFFLIIAPMSHSVKIYDTCIGCTQCVRACPTDVLEMIPWDGCKAKQIASAPRTEDCVGCKRCESACPTDFLSVRVYLWHETTRSMGLAY	82	90	81	1	81	10	90	138	100	1.66e-41	98.8	90.0
smORF_11	GMSC10.90AA.000_285_993_237	MSHSVKIYDTCIGCTQCVRACPTDVLEMIPWDGCKAKQIASAPRTEDXXXXXXXXXXXXXXXLSVRVYLWHETTRSMGLAY*	MSHSVKIYDTCIGCTQCVRACPTDVLEMIPWDGCKAKQIASAPRTEDCVGCKRCESACPTDFLSIRVYLWHETTRSMGLAY	82	81	81	1	81	1	81	138	98.8	1.81e-41	98.8	100
smORF_11	GMSC10.90AA.000_183_627_195	MSHSVKIYDTCIGCTQCVRACPTDVLEMIPWDGCKAKQIASAPRTEDXXXXXXXXXXXXXXXLSVRVYLWHETTRSMGLAY*	MSHSVKIYDTCIGCTQCVRACPTDVLEMIPWDGCKAKQIASAPRTEDCVGCKRCESACPTDFLSVRVYLWHETTRSMGIAY	82	81	81	1	81	1	81	137	98.8	2.57e-41	98.8	100
smORF_11	GMSC10.90AA.000_183_627_196	MSHSVKIYDTCIGCTQCVRACPTDVLEMIPWDGCKAKQIASAPRTEDXXXXXXXXXXXXXXXLSVRVYLWHETTRSMGLAY*	MSHSVKIYDTCIGCTQCVRACPTDVLEMIPWDGCKAKQIASAPRTEDCVGCKRCESACPTDFLSVRVYLWHETTRSMGLGY	82	81	81	1	81	1	81	137	98.8	5.19e-41	98.8	100
smORF_11	GMSC10.90AA.000_183_627_198	MSHSVKIYDTCIGCTQCVRACPTDVLEMIPWDGCKAKQIASAPRTEDXXXXXXXXXXXXXXXLSVRVYLWHETTRSMGLAY*	MSHSVKIYDTCIGCTQCVRACPTDVLEMIPWDGCKAKQIASAPRTEDCVGCKRCESACPTDFLSVRVYLWYETTRSMGLAY	82	81	81	1	81	1	81	136	98.8	1.05e-40	98.8	100
smORF_11	GMSC10.90AA.000_257_804_698	MSHSVKIYDTCIGCTQCVRACPTDVLEMIPWDGCKAKQIASAPRTEDXXXXXXXXXXXXXXXLSVRVYLWHETTRSMGLAY*	MSHSVKIYDTCIGCTQCVRACPTDVLEMIPWDGCKAKQIASAPRTEDCVGCKRCESACPTDFLSVRVYLWNETTRSMGLAY	82	81	81	1	81	1	81	135	98.8	1.49e-40	98.8	100
smORF_11	GMSC10.90AA.000_279_058_352	MSHSVKIYDTCIGCTQCVRACPTDVLEMIPWDGCKAKQIASAPRTEDXXXXXXXXXXXXXXXLSVRVYLWHETTRSMGLAY*	MSHSVKIYDTCIGCTQCVRACPTDVLEMIPWGGCKAKQIASAPRTEDCVGCKRCESACPTDFLSVRVYLWHETTRSMGLAY	82	81	81	1	81	1	81	135	98.8	1.49e-40	98.8	100
smORF_11	GMSC10.90AA.000_285_708_315	MSHSVKIYDTCIGCTQCVRACPTDVLEMIPWDGCKAKQIASAPRTEDXXXXXXXXXXXXXXXLSVRVYLWHETTRSMGLAY*	MEFLDSMAHSVKIYDTCIGCTQCVRACPTDVLEMIPWEGCKAKQIASAPRTEDCVGCKRCESACPTDFLSVRVYLWHETTRSMGLAY	82	87	81	1	81	7	87	135	97.5	1.77e-40	98.8	93.1
smORF_11	GMSC10.90AA.000_183_627_183	MSHSVKIYDTCIGCTQCVRACPTDVLEMIPWDGCKAKQIASAPRTEDXXXXXXXXXXXXXXXLSVRVYLWHETTRSMGLAY*	MSHSVKIYATCIGCTQCVRACPTDVLEMIPWDGCKAKQIASAPRTEDCVGCKRCESACPTDFLSVRVYLWHETTRSMGLAY	82	81	81	1	81	1	81	135	98.8	2.11e-40	98.8	100
smORF_11	GMSC10.90AA.000_183_627_185	MSHSVKIYDTCIGCTQCVRACPTDVLEMIPWDGCKAKQIASAPRTEDXXXXXXXXXXXXXXXLSVRVYLWHETTRSMGLAY*	MSHSVKIYDTCIGCTQCVRACPIDVLETIPWDGCKAKQIASAPRTEDCVGCKRCESACLTDFLSVRVYLWHETTRSMGLAY	82	81	81	1	81	1	81	134	96.3	8.62e-40	98.8	100
smORF_11	GMSC10.90AA.000_183_627_197	MSHSVKIYDTCIGCTQCVRACPTDVLEMIPWDGCKAKQIASAPRTEDXXXXXXXXXXXXXXXLSVRVYLWHETTRSMGLAY*	MSHSVKIYDTCIGCTQCVRACPTDVLEMIPWDGCKAKQIASAPRTEDCVGCKRCESACPTDFLSVRVYLWSETTRSMGLSY	82	81	81	1	81	1	81	134	97.5	8.62e-40	98.8	100
smORF_11	GMSC10.90AA.000_273_073_675	MSHSVKIYDTCIGCTQCVRACPTDVLEMIPWDGCKAKQIASAPRTEDXXXXXXXXXXXXXXXLSVRVYLWHETTRSMGLAY*	MSHSVKIYDTCIGCTQCVRACPTDVLEMIPWDGCKAKQIASAPRTEDCVGCKRCESACPTDFLSVRVSLWHETTRSMGLGY	82	81	81	1	81	1	81	133	96.3	1.22e-39	98.8	100
smORF_11	GMSC10.90AA.000_183_627_199	MSHSVKIYDTCIGCTQCVRACPTDVLEMIPWDGCKAKQIASAPRTEDXXXXXXXXXXXXXXXLSVRVYLWHETTRSMGLAY*	MSHSVKIYDTCIGCTQCVRACPTDVLEMTPWDGCKAKQITSAPRIEDCVGCKRCESACPTDFLSVRVYLWHETTRSMGLAY	82	81	81	1	81	1	81	132	96.3	2.47e-39	98.8	100
smORF_11	GMSC10.90AA.000_257_804_697	MSHSVKIYDTCIGCTQCVRACPTDVLEMIPWDGCKAKQIASAPRTEDXXXXXXXXXXXXXXXLSVRVYLWHETTRSMGLAY*	MSHSVKIYDTCIGCTQCVRACPTDVLEMIPWDGCKAKQIASAPRTEDCVGCKRCESACPTDFLSVRVYLCHETTRSMGLSY	82	81	81	1	81	1	81	132	97.5	3.51e-39	98.8	100
smORF_11	GMSC10.90AA.000_183_627_192	MSHSVKIYDTCIGCTQCVRACPTDVLEMIPWDGCKAKQIASAPRTEDXXXXXXXXXXXXXXXLSVRVYLWHETTRSMGLAY*	MSHSVKIYDTCIGCTQCVRACPTDVLEMIPWDGCKAKQIASAPRTEDCVGCKRCESACPTDFLSVRVYLLQETTRSMGLAY	82	81	81	1	81	1	81	130	97.5	2.03e-38	98.8	100
smORF_11	GMSC10.90AA.000_183_627_194	MSHSVKIYDTCIGCTQCVRACPTDVLEMIPWDGCKAKQIASAPRTEDXXXXXXXXXXXXXXXLSVRVYLWHETTRSMGLAY*	MSHSVKIYDTCIGCTQCVRACPTDVLEMIPWDGCKAKQIASAPRTEDCVGCKRCESACPTDFLSVRVYLSYETTRSMGLGY	82	81	81	1	81	1	81	129	96.3	5.84e-38	98.8	100
smORF_11	GMSC10.90AA.000_183_627_187	MSHSVKIYDTCIGCTQCVRACPTDVLEMIPWDGCKAKQIASAPRTEDXXXXXXXXXXXXXXXLSVRVYLWHETTRSMGLAY*	MSHSVKIYDTCIGCTQCVRACPTDVLEMIPWDGCKAKQIASAPRTEDCVGCKRCESACPTDFLSVRVYLCDETTRSMGLSY	82	81	81	1	81	1	81	129	96.3	8.29e-38	98.8	100
smORF_11	GMSC10.90AA.000_183_627_189	MSHSVKIYDTCIGCTQCVRACPTDVLEMIPWDGCKAKQIASAPRTEDXXXXXXXXXXXXXXXLSVRVYLWHETTRSMGLAY*	MSHSVKIYDTCIGCTQCVRACPTDVLEMIPWDGCKAKQIASAPRTEDCVGCKRCESACPTDFLSVRVYLGNETTRSMGLAY	82	81	81	1	81	1	81	129	96.3	8.29e-38	98.8	100
smORF_11	GMSC10.90AA.000_183_627_190	MSHSVKIYDTCIGCTQCVRACPTDVLEMIPWDGCKAKQIASAPRTEDXXXXXXXXXXXXXXXLSVRVYLWHETTRSMGLAY*	MSHSVKIYDTCIGCTQCVRACPTDVLEMIPWDGCKAKQIASAPRTEDCVGCKRCESACPTDFLSVRVYLGNETTRSMGLGY	82	81	81	1	81	1	81	127	95.1	3.38e-37	98.8	100
smORF_11	GMSC10.90AA.000_284_067_576	MSHSVKIYDTCIGCTQCVRACPTDVLEMIPWDGCKAKQIASAPRTEDXXXXXXXXXXXXXXXLSVRVYLWHETTRSMGLAY*	MAHSVKIYDTCIGCTQCVRACPTDVLEMVPWDGCKAKQIASAPRTEDCVGCKRCESACPTDFLSVRVYLGSETTRSMGLAY	82	81	81	1	81	1	81	126	93.8	6.82e-37	98.8	100
smORF_11	GMSC10.90AA.000_183_627_193	MSHSVKIYDTCIGCTQCVRACPTDVLEMIPWDGCKAKQIASAPRTEDXXXXXXXXXXXXXXXLSVRVYLWHETTRSMGLAY*	MSHSVKIYDTCIGCTQCVRACPTDVLEMIPWDGCKAKQIASAPRTEDCVGCKRCESACPTDFLSVRVYLRSETTRSMALSY	82	81	81	1	81	1	81	126	95.1	9.69e-37	98.8	100
smORF_11	GMSC10.90AA.000_183_627_191	MSHSVKIYDTCIGCTQCVRACPTDVLEMIPWDGCKAKQIASAPRTEDXXXXXXXXXXXXXXXLSVRVYLWHETTRSMGLAY*	MSHSVKIYDTCIGCTQCVRACPTDVLEMIPWDGCKAKQIASAPRTEDCVGCKRCESACPTDFLSVRVYLGSETTRSMALSY	82	81	81	1	81	1	81	124	93.8	3.95e-36	98.8	100
smORF_11	GMSC10.90AA.000_008_077_803	MSHSVKIYDTCIGCTQCVRACPTDVLEMIPWDGCKAKQIASAPRTEDXXXXXXXXXXXXXXXLSVRVYLWHETTRSMGLAY*	MAHSVKIYDTCIGCTQCVRACPTDVLEMIPWDGCKANQIASAPRTEDCVGCKRCESACPTDFLSVRVYLGNETTRSMGLGY	82	81	81	1	81	1	81	124	92.6	5.61e-36	98.8	100
smORF_12	GMSC10.90AA.000_283_721_110	MSGSTGERSFADIITSIRYWVIHSITIPSLFIAGWLFVSTGLAYDVFGSPRPNEYFTESRQGIPLITGRFDPLEQLDEFSRSF*	MSGSTGERSFADIITSIRYWIIHSITIPSLFIAGWLFVSTGLAYDVFGSPRPNEYFTENRQGIPLITGRFDPLEQLDEFSRSF	84	83	83	1	83	1	83	172	97.6	7.77e-55	98.8	100
smORF_12	GMSC10.90AA.000_183_152_578	MSGSTGERSFADIITSIRYWVIHSITIPSLFIAGWLFVSTGLAYDVFGSPRPNEYFTESRQGIPLITGRFDPLEQLDEFSRSF*	MSGSTGERSFADIITSIRYWIIHSITIPSLFIAGWLFVSTGLAYDVFGSPRPNEYFTENRQGIPLITGRFDPLDQLDEFSRSF	84	83	83	1	83	1	83	171	96.4	2.23e-54	98.8	100
smORF_12	GMSC10.90AA.000_183_152_582	MSGSTGERSFADIITSIRYWVIHSITIPSLFIAGWLFVSTGLAYDVFGSPRPNEYFTESRQGIPLITGRFDPLEQLDEFSRSF*	MSGSTGERSFADIITSIRYWVIHSITIPSLFIAGWLFVSTGLAYDVFGSPRPNEYFTESRQGISLITGRFDPLEQLDEFSRSF	84	83	83	1	83	1	83	170	98.8	3.17e-54	98.8	100
smORF_12	GMSC10.90AA.000_183_152_577	MSGSTGERSFADIITSIRYWVIHSITIPSLFIAGWLFVSTGLAYDVFGSPRPNEYFTESRQGIPLITGRFDPLEQLDEFSRSF*	MSGSTGERSFADIITSIRYWIIHSITIPSLFIAGWLFVSTGLAYDIFGSPRPNEYFTESRQGIPLITSRFDSLEQLDEFSRSF	84	83	83	1	83	1	83	167	95.2	5.27e-53	98.8	100
smORF_12	GMSC10.90AA.000_287_833_087	MSGSTGERSFADIITSIRYWVIHSITIPSLFIAGWLFVSTGLAYDVFGSPRPNEYFTESRQGIPLITGRFDPLEQLDEFSRSF*	MSGSTGERAFADIITSIRYWVIHSITIPSLFIAGWSFVSTGLAYDVFGSPRPNEYFTESRQGIPLITGRFDSLEQLDEFSRSF	84	83	83	1	83	1	83	167	96.4	7.49e-53	98.8	100
smORF_12	GMSC10.90AA.000_183_152_581	MSGSTGERSFADIITSIRYWVIHSITIPSLFIAGWLFVSTGLAYDVFGSPRPNEYFTESRQGIPLITGRFDPLEQLDEFSRSF*	MSGSTGERSFADIITSIRYWVIHSITIPSLFIAGWLFVSTGLAYDVFGSPRPNEYFTESRQGIFLITGRFDSLEQLDEFSRSF	84	83	83	1	83	1	83	166	97.6	1.51e-52	98.8	100
smORF_12	GMSC10.90AA.000_257_739_852	MSGSTGERSFADIITSIRYWVIHSITIPSLFIAGWLFVSTGLAYDVFGSPRPNEYFTESRQGIPLITGRFDPLEQLDEFSRSF*	MSGSTGERSFADIITSIRYWVIHSITIPSLFIAGWLFVSTGLAYDVFGSPRPNEYFTERRQGIPLITDRFDSLEQLDEFSRSF	84	83	83	1	83	1	83	166	96.4	2.15e-52	98.8	100
smORF_12	GMSC10.90AA.000_286_906_297	MSGSTGERSFADIITSIRYWVIHSITIPSLFIAGWLFVSTGLAYDVFGSPRPNEYFTESRQGIPLITGRFDPLEQLDEFSRSF*	MELSMSGNTGERPFADIITSIRYWVIHSITIPSLFIAGWLFVSTGLAYDVFGSPRPNEYFTESRQEVPLITGRFNSLEQVDEFTRSF	84	87	83	1	83	5	87	159	90.4	6.70e-50	98.8	95.4
smORF_12	GMSC10.90AA.000_273_043_236	MSGSTGERSFADIITSIRYWVIHSITIPSLFIAGWLFVSTGLAYDVFGSPRPNEYFTESRQGIPLITGRFDPLEQLDEFSRSF*	MSGNTGERAFADIITSIRYWVIHSITIPSLFIAGWLFVSTGLAYDVFGSPRPNEYFTESQQEVPLVTGRFDSLEQLDEFTRSRSF	84	85	82	1	82	1	82	159	90.2	8.96e-50	97.6	96.5
smORF_12	GMSC10.90AA.000_273_043_237	MSGSTGERSFADIITSIRYWVIHSITIPSLFIAGWLFVSTGLAYDVFGSPRPNEYFTESRQGIPLITGRFDPLEQLDEFSRSF*	MSGNTGERPFADIITSIRYWVIHSITIPSLFIAGWLFVSTGLAYDVFGSPRPNEYFTENRQEVPLITGRFNSLEQVDEFTRSF	84	83	83	1	83	1	83	158	89.2	1.71e-49	98.8	100
smORF_12	GMSC10.90AA.000_257_708_232	MSGSTGERSFADIITSIRYWVIHSITIPSLFIAGWLFVSTGLAYDVFGSPRPNEYFTESRQGIPLITGRFDPLEQLDEFSRSF*	MSGNTGERPFADIVTSIRYWVIHSITIPSLFIAGWLFVSTGLAYDVFGSPRPNEYFTDSRQEVPLITGRFNSLEQVDEFTRSL	84	83	82	1	82	1	82	155	87.8	2.00e-48	97.6	98.8
smORF_12	GMSC10.90AA.000_182_911_558	MSGSTGERSFADIITSIRYWVIHSITIPSLFIAGWLFVSTGLAYDVFGSPRPNEYFTESRQGIPLITGRFDPLEQLDEFSRSF*	MSGNTGERPFADIITSIRYWVIHSITIPSLFIAGWLFVSTGLAYDVFGSPRPNEYFSESRQEVPLVTGRFDSLEQVDAFTKLF	84	83	83	1	83	1	83	154	85.5	1.16e-47	98.8	100
smORF_12	GMSC10.90AA.000_257_708_231	MSGSTGERSFADIITSIRYWVIHSITIPSLFIAGWLFVSTGLAYDVFGSPRPNEYFTESRQGIPLITGRFDPLEQLDEFSRSF*	MSGNTGERPFADIITSIRYWVIHSITIPSLFIAGWLFVSTGLAYDVFGSPRPNEYFTESRQDIPLITGRFNSLEQVNEFTK	84	81	81	1	81	1	81	153	88.9	1.55e-47	96.4	100
smORF_12	GMSC10.90AA.000_283_721_109	MSGSTGERSFADIITSIRYWVIHSITIPSLFIAGWLFVSTGLAYDVFGSPRPNEYFTESRQGIPLITGRFDPLEQLDEFSRSF*	MSGSTGERPFSDILTSIRYWVIHSITVPSLFIAGWLFVSTGLAYDVFGSPRPNEYFTEQRQETPLITDRFNALEQVKRLSRSEFLI	84	86	82	1	82	1	82	144	82.9	5.80e-44	97.6	95.3
smORF_12	GMSC10.90AA.000_183_222_842	MSGSTGERSFADIITSIRYWVIHSITIPSLFIAGWLFVSTGLAYDVFGSPRPNEYFTESRQGIPLITGRFDPLEQLDEFSRSF*	MSGTTGERPFSDIVTSIRYWVIHSITIPSLFIAGWLFVSTGLAYDVFGTPRPNEYFTETRQELPLITDRFNALEQLDQLVP	84	81	78	1	78	1	78	144	84.6	7.11e-44	92.9	96.3
smORF_12	GMSC10.90AA.000_279_049_252	MSGSTGERSFADIITSIRYWVIHSITIPSLFIAGWLFVSTGLAYDVFGSPRPNEYFTESRQGIPLITGRFDPLEQLDEFSRSF*	MSGSTGERPFSDIVTSIRYWVIHSITIPSLFIAGWLFVSTGLAYDVFGTPRPNEYFTEKRQEIPLLTDRFNAVEQLDQLVP	84	81	78	1	78	1	78	144	84.6	1.01e-43	92.9	96.3
smORF_12	GMSC10.90AA.000_007_401_510	MSGSTGERSFADIITSIRYWVIHSITIPSLFIAGWLFVSTGLAYDVFGSPRPNEYFTESRQGIPLITGRFDPLEQLDEFSRSF*	MAGSTGERPFSDIVTSIRYWVIHSITIPSLFVSGWLFVSTGLAYDVFGSPRPNEYFTEERQEVPLITDRFNALEQMDQLI	84	80	78	1	78	1	78	143	82.1	1.98e-43	92.9	97.5
smORF_12	GMSC10.90AA.000_257_739_850	MSGSTGERSFADIITSIRYWVIHSITIPSLFIAGWLFVSTGLAYDVFGSPRPNEYFTESRQGIPLITGRFDPLEQLDEFSRSF*	MSGSTGERPFSDILTSIRYWVIHSITIPSLFIAGWLFISTGLAYDVFGTPRPNEYFTETRQDVPLVTDRFNALESLDQLVP	84	81	78	1	78	1	78	143	82.1	2.04e-43	92.9	96.3
smORF_12	GMSC10.90AA.000_279_050_540	MSGSTGERSFADIITSIRYWVIHSITIPSLFIAGWLFVSTGLAYDVFGSPRPNEYFTESRQGIPLITGRFDPLEQLDEFSRSF*	MSGTTGERPFSDIITSIRYWVIHSITIPSLFIAGWLFVSTGLAYDVFGTPRPNEYFTETRQETPLVTDRFNALEQLDQLVP	84	81	78	1	78	1	78	143	84.6	2.04e-43	92.9	96.3
smORF_12	GMSC10.90AA.000_282_024_047	MSGSTGERSFADIITSIRYWVIHSITIPSLFIAGWLFVSTGLAYDVFGSPRPNEYFTESRQGIPLITGRFDPLEQLDEFSRSF*	MSGSTGERPFSDILTSIRYWVIHSITIPSLFIAGWLFVSTGLAYDVFGTPRPNEYFTEARQDVPLLTDRFNALESLDQLVP	84	81	78	1	78	1	78	143	83.3	2.04e-43	92.9	96.3
smORF_12	GMSC10.90AA.000_257_739_848	MSGSTGERSFADIITSIRYWVIHSITIPSLFIAGWLFVSTGLAYDVFGSPRPNEYFTESRQGIPLITGRFDPLEQLDEFSRSF*	MSGSTGERPFSDIITSIRYWVIHSITIPSLFVAGWLFVSTGLAYDIFGTPRPNEYFTEERQDIPLITDRLNALEQVKSFSPN	84	82	80	1	80	1	80	142	82.5	2.99e-43	95.2	97.6
smORF_12	GMSC10.90AA.000_264_960_566	MSGSTGERSFADIITSIRYWVIHSITIPSLFIAGWLFVSTGLAYDVFGSPRPNEYFTESRQGIPLITGRFDPLEQLDEFSRSF*	MAGSTGERPFSDIITSIRYWVIHSITIPSLFISGWLFVSTGLAYDVFGSPRPNEYFTDARQEVPVISDRFDALTQMDQFTEGL	84	83	80	1	80	1	80	142	80.0	3.08e-43	95.2	96.4
smORF_12	GMSC10.90AA.000_233_048_885	MSGSTGERSFADIITSIRYWVIHSITIPSLFIAGWLFVSTGLAYDVFGSPRPNEYFTESRQGIPLITGRFDPLEQLDEFSRSF*	MAGSTGERPFSDILTSIRYWVIHSITIPSLFIAGWLFVSTGLAYDIFGSPRPNEYFTEERQEVPLITDRFNALEQVKQLSGQ	84	82	80	1	80	1	80	142	81.3	4.24e-43	95.2	97.6
smORF_12	GMSC10.90AA.000_273_055_895	MSGSTGERSFADIITSIRYWVIHSITIPSLFIAGWLFVSTGLAYDVFGSPRPNEYFTESRQGIPLITGRFDPLEQLDEFSRSF*	MSGTTGERPFTDIITSIRYWVIHSITIPSLFVAGWLFVSTGLAYDVFGTPRPNEYFTEERQSAPLITDRFNALDQMDQLTEGL	84	83	80	1	80	1	80	141	80.0	8.82e-43	95.2	96.4
smORF_12	GMSC10.90AA.000_007_401_509	MSGSTGERSFADIITSIRYWVIHSITIPSLFIAGWLFVSTGLAYDVFGSPRPNEYFTESRQGIPLITGRFDPLEQLDEFSRSF*	MAGSTGERPFSDIVTSIRYWVIHSITIPSLFVAGWLFVSTGLAYDVFGTPRPNEYFTETRQEIPLITDRFNALDQLENQI	84	80	77	1	77	1	77	141	83.1	1.15e-42	91.7	96.3
smORF_13	GMSC10.90AA.000_287_847_359	MKTGLWESKKSVVLLGEAVECRTLDGESPVAESITSLCSDPSSMGHVESRVNQQGPPCKAKYSWVTDSEVVP*	MKTGLWESHTSVVLLGEAVECCTLDGESPVAESITSLRSDPSSMGHVESRVNQQGPPCKAKYSWVTDSEVVP	73	72	72	1	72	1	72	135	94.4	1.12e-40	98.6	100
smORF_13	GMSC10.90AA.000_277_387_783	MKTGLWESKKSVVLLGEAVECRTLDGESPVAESITSLCSDPSSMGHVESRVNQQGPPCKAKYSWVTDSEVVP*	MKTGLWGSKISFVLLGEAVEFCTLDGESPVAESIISSCSNPSSMGHVESRVNQQGPPCKAKYSWVTDSEVVP	73	72	72	1	72	1	72	126	88.9	5.17e-37	98.6	100
smORF_13	GMSC10.90AA.000_099_740_780	MKTGLWESKKSVVLLGEAVECRTLDGESPVAESITSLCSDPSSMGHVESRVNQQGPPCKAKYSWVTDSEVVP*	MKTGLWGGDISVVLLGEAVESCTLDGESPVAESITSSRSNPSSMGHVKSRVNQQGPPCKAKYSWVTDSEVVP	73	72	72	1	72	1	72	120	86.1	7.08e-35	98.6	100
smORF_13	GMSC10.90AA.000_246_250_263	MKTGLWESKKSVVLLGEAVECRTLDGESPVAESITSLCSDPSSMGHVESRVNQQGPPCKAKYSWVTDSEVVP*	MKTGLWESDESLMLLGEAVEYRTPDGESPVAGSTTGLRSNPSSMGHVKSRVNQQGPPCKAKYSWVTDSEVVP	73	72	72	1	72	1	72	120	83.3	1.01e-34	98.6	100
smORF_13	GMSC10.90AA.000_276_501_183	MKTGLWESKKSVVLLGEAVECRTLDGESPVAESITSLCSDPSSMGHVESRVNQQGPPCKAKYSWVTDSEVVP*	MGEHNISSVLLGEAVESCTLDGESPVAESIIGLRSNPSSMGHVESRVNQQGPPCKAKYSWVTDSEVVP	73	68	66	7	72	3	68	107	84.8	1.39e-29	90.4	97.1
smORF_13	GMSC10.90AA.000_240_888_192	MKTGLWESKKSVVLLGEAVECRTLDGESPVAESITSLCSDPSSMGHVESRVNQQGPPCKAKYSWVTDSEVVP*	MGLWDVSHGVRKVFIRRRGLERPAIEGNSPVIESKCPPRRIPSTAGHVKPRGNLAGPSAKAKYSLVTDSEAVP	73	73	72	4	72	2	73	53.1	44.4	4.72e-08	94.5	98.6
smORF_13	GMSC10.90AA.000_016_951_454	MKTGLWESKKSVVLLGEAVECRTLDGESPVAESITSLCSDPSSMGHVESRVNQQGPPCKAKYSWVTDSEVVP*	MASERGTGQWFSKDKQNALESAAIAGDSPVYVNIRQSLSKAGHVKSCLNMGGPPSKPKYSLVTDSELVP	73	69	70	3	72	7	69	50.1	45.7	7.03e-07	95.9	91.3
smORF_13	GMSC10.90AA.000_050_438_867	MKTGLWESKKSVVLLGEAVECRTLDGESPVAESITSLCSDPSSMGHVESRVNQQGPPCKAKYSWVTDSEVVP*	MFKAISVVSVGLWDATRGAYGLPGRLQNGPLVEFDWICRATEGDSPVHKRGAVLLGAFPSNAGHVEPRMNLGGPSPKAKYYSVTDSEPVP	73	90	83	1	72	8	90	50.4	42.2	8.00e-07	98.6	92.2
smORF_14	GMSC10.90AA.000_145_341_207	MPLEPRASWFSPKCVEAQQLTGHLGVKHCFGAGRESGTKSRQTLNTRYDLKITGVKVGQ*	MPLEPRASWFSPKCVEAQQLTGHLGVKHCFGAGRESGTKSRQTPNTRYDLKITGVKVGQ	60	59	59	1	59	1	59	127	98.3	5.14e-38	98.3	100
smORF_14	GMSC10.90AA.000_281_652_302	MPLEPRASWFSPKCVEAQQLTGHLGVKHCFGAGRESGTKSRQTLNTRYDLKITGVKVGQ*	MPLEPRASWFSPKCVEAQQLTGHLGVKHCFGAGRESGTKSRQTLNTRYDLQIIGVKVGQ	60	59	59	1	59	1	59	126	96.6	1.48e-37	98.3	100
smORF_14	GMSC10.90AA.000_287_852_903	MPLEPRASWFSPKCVEAQQLTGHLGVKHCFGAGRESGTKSRQTLNTRYDLKITGVKVGQ*	MPLEPRASWFSPKCVEAQQLTGHLGVKHCFGAGRESGTKSRQTLNTRYDLKIKITGVKVGQ	60	61	61	1	59	1	61	125	96.7	4.47e-37	98.3	100
smORF_14	GMSC10.90AA.000_145_341_204	MPLEPRASWFSPKCVEAQQLTGHLGVKHCFGAGRESGTKSRQTLNTRYDLKITGVKVGQ*	MPLEPRASWFSPKCVEAQQLTGHLGVKHCFGAGRESGTKSRQTLNTRYDPKITVVKVGQ	60	59	59	1	59	1	59	124	96.6	1.22e-36	98.3	100
smORF_14	GMSC10.90AA.000_286_977_705	MPLEPRASWFSPKCVEAQQLTGHLGVKHCFGAGRESGTKSRQTLNTRYDLKITGVKVGQ*	MPLEPRASWFSPKCVEAQQLTRHLGVKHCFGAGCASGTKSRQTLNTRYDPKITGVKVGQ	60	59	59	1	59	1	59	119	93.2	1.18e-34	98.3	100
smORF_14	GMSC10.90AA.000_145_341_205	MPLEPRASWFSPKCVEAQQLTGHLGVKHCFGAGRESGTKSRQTLNTRYDLKITGVKVGQ*	MPLEPRASWFSPKCVEAQQLTGHLGVKHCFGAGRESGTKSRQTLNTRYDPKRVKVGQ	60	57	59	1	59	1	57	115	93.2	2.65e-33	98.3	100
smORF_14	GMSC10.90AA.000_145_341_209	MPLEPRASWFSPKCVEAQQLTGHLGVKHCFGAGRESGTKSRQTLNTRYDLKITGVKVGQ*	MPLEPRASWFSPKCVEAQQLTGRLGVKHCFGAGREIGTKSRQTMNTRYDPKIIKEEGVKVGQ	60	62	62	1	59	1	62	114	87.1	1.75e-32	98.3	100
smORF_14	GMSC10.90AA.000_145_629_060	MPLEPRASWFSPKCVEAQQLTGHLGVKHCFGAGRESGTKSRQTLNTRYDLKITGVKVGQ*	MPLKPKASWFSQKYVEAQQLTRHLGVKHCFGAGRKSGTKSRQTLNTIYDLKITRVKVGQ	60	59	59	1	59	1	59	109	86.4	7.72e-31	98.3	100
smORF_14	GMSC10.90AA.000_258_147_554	MPLEPRASWFSPKCVEAQQLTGHLGVKHCFGAGRESGTKSRQTLNTRYDLKITGVKVGQ*	MSLETRASRFTPKYIEAHQLTGHLGVKYCFGVAHESGIKSRQTLNTRFDFKRLRLTSEMIGKI	60	63	62	1	59	1	62	83.2	62.9	2.91e-20	98.3	98.4
smORF_15	GMSC10.90AA.000_285_827_507	MKNLTDSFVYLGHWPSAGSFGFNTDILATNPINLSVVFGVLIFFGKGVCVSCSFQE*	MKNVTDSFVSLGHWPSAGSFGFHTDILATNPINLSVVIGVLIFFGKGVCVSCLFQE	57	56	56	1	56	1	56	110	91.1	3.12e-31	98.2	100
smORF_15	GMSC10.90AA.000_286_943_959	MKNLTDSFVYLGHWPSAGSFGFNTDILATNPINLSVVFGVLIFFGKGVCVSCSFQE*	MKNLTDSFVFLGHWPSAGSFGFNTDILATNLINLSVVLGVLIFFGKGVCASCVFQE	57	56	56	1	56	1	56	110	91.1	4.43e-31	98.2	100
smORF_15	GMSC10.90AA.000_096_424_370	MKNLTDSFVYLGHWPSAGSFGFNTDILATNPINLSVVFGVLIFFGKGVCVSCSFQE*	MKNVTDSFLFLGHWPYAGSFGFNTDILATNPINLSVVLGVLIFFGKGVCASCLFQE	57	56	56	1	56	1	56	109	87.5	8.95e-31	98.2	100
smORF_15	GMSC10.90AA.000_269_126_838	MKNLTDSFVYLGHWPSAGSFGFNTDILATNPINLSVVFGVLIFFGKGVCVSCSFQE*	MKNVTDSFVSLGHWPSAGGFGFNTDILATNPINLSVVLGVLIFFGKGVCASCLFQE	57	56	56	1	56	1	56	109	89.3	8.95e-31	98.2	100
smORF_15	GMSC10.90AA.000_096_424_380	MKNLTDSFVYLGHWPSAGSFGFNTDILATNPINLSVVFGVLIFFGKGVCVSCSFQE*	MKNVTDSFVSLGHWPSAGSFGFNTDILATNPINLSVVLGVLIFFGKGVCASCIFHE	57	56	56	1	56	1	56	108	89.3	1.27e-30	98.2	100
smORF_15	GMSC10.90AA.000_286_233_295	MKNLTDSFVYLGHWPSAGSFGFNTDILATNPINLSVVFGVLIFFGKGVCVSCSFQE*	MKNVTDSFVSLGHWPSAGSFGVNTDILATNPINLSVVLGVLIFFGKGVCASCLFQE	57	56	56	1	56	1	56	108	89.3	2.57e-30	98.2	100
smORF_15	GMSC10.90AA.000_287_757_443	MKNLTDSFVYLGHWPSAGSFGFNTDILATNPINLSVVFGVLIFFGKGVCVSCSFQE*	MKNITDSFLSLGYWPSAGSFGFNTDILATNPINLSVVIGVLIFFGKGVCASCLFQE	57	56	56	1	56	1	56	107	87.5	3.65e-30	98.2	100
smORF_15	GMSC10.90AA.000_245_754_524	MKNLTDSFVYLGHWPSAGSFGFNTDILATNPINLSVVFGVLIFFGKGVCVSCSFQE*	MKNVTDSFVSLGHWPSAGSFGFNTDILATNLINLSVVLGVLIFFGKGVCASCIFQE	57	56	56	1	56	1	56	107	89.3	7.38e-30	98.2	100
smORF_15	GMSC10.90AA.000_096_424_383	MKNLTDSFVYLGHWPSAGSFGFNTDILATNPINLSVVFGVLIFFGKGVCVSCSFQE*	MKNVTDSFVSLGHWPYAGSFGFNTDILATNPINLSVVLGVLIFFGKGVCASCLFQKKGWI	57	60	56	1	56	1	56	107	87.5	8.16e-30	98.2	93.3
smORF_15	GMSC10.90AA.000_245_754_525	MKNLTDSFVYLGHWPSAGSFGFNTDILATNPINLSVVFGVLIFFGKGVCVSCSFQE*	MKNVTDSFVSLGHWPSAGSFGFNTDILATNLINLSVVLGVLVFFGKGVCASCLFQE	57	56	56	1	56	1	56	106	87.5	1.05e-29	98.2	100
smORF_15	GMSC10.90AA.000_284_439_927	MKNLTDSFVYLGHWPSAGSFGFNTDILATNPINLSVVFGVLIFFGKGVCVSCSFQE*	MKNVTDSFVSLGYWPFAGSFGFNTDILATNPINLSVVLGVLIFFGKGVCASCLFQE	57	56	56	1	56	1	56	106	87.5	1.49e-29	98.2	100
smORF_15	GMSC10.90AA.000_096_424_375	MKNLTDSFVYLGHWPSAGSFGFNTDILATNPINLSVVFGVLIFFGKGVCVSCSFQE*	MKNVTDSFVSFGHWPSAGSFGFNTDILATNLINLSVVLGVLIFFGKGVCASCLFQE	57	56	56	1	56	1	56	105	87.5	3.01e-29	98.2	100
smORF_15	GMSC10.90AA.000_096_424_377	MKNLTDSFVYLGHWPSAGSFGFNTDILATNPINLSVVFGVLIFFGKGVCVSCSFQE*	MKNVTDSFVSLGHWPSAGSFGFNTDIFATNLINLSVVLGVLIFFGKGVCASCLFQE	57	56	56	1	56	1	56	105	87.5	3.01e-29	98.2	100
smORF_15	GMSC10.90AA.000_096_424_386	MKNLTDSFVYLGHWPSAGSFGFNTDILATNPINLSVVFGVLIFFGKGVCVSCSFQE*	MKNVTDSFVSLVHWPFAGSFGFNTDILATNPINLSVVLGVLIFFGKGVCASCLFQE	57	56	56	1	56	1	56	105	87.5	4.28e-29	98.2	100
smORF_15	GMSC10.90AA.000_096_398_876	MKNLTDSFVYLGHWPSAGSFGFNTDILATNPINLSVVFGVLIFFGKGVCVSCSFQE*	MKNVIDSFVSLGHWPSAGSFGFNTDILATNLINLSVVLGVLIFFGKGVCASCVFQE	57	56	56	1	56	1	56	104	87.5	6.08e-29	98.2	100
smORF_15	GMSC10.90AA.000_096_424_373	MKNLTDSFVYLGHWPSAGSFGFNTDILATNPINLSVVFGVLIFFGKGVCVSCSFQE*	MKNVTDSFLSLGPWPSAGSFGFNTDIFATNPINLSVVLGVLIFFGKGVCASCLFQE	57	56	56	1	56	1	56	104	85.7	8.64e-29	98.2	100
smORF_15	GMSC10.90AA.000_096_424_384	MKNLTDSFVYLGHWPSAGSFGFNTDILATNPINLSVVFGVLIFFGKGVCVSCSFQE*	MKNVTDSFVSLGQWPSAGSFGFNTDILATNLINLSVVLGVLIFFGKGVCASCLFQE	57	56	56	1	56	1	56	103	87.5	1.23e-28	98.2	100
smORF_15	GMSC10.90AA.000_089_227_647	MKNLTDSFVYLGHWPSAGSFGFNTDILATNPINLSVVFGVLIFFGKGVCVSCSFQE*	MKDVTDSFVSFGHWPSAGSFGFNTDILATNLINLSVVLGVLIFFGKGVCASCVFQE	57	56	56	1	56	1	56	103	85.7	1.75e-28	98.2	100
smORF_15	GMSC10.90AA.000_095_869_102	MKNLTDSFVYLGHWPSAGSFGFNTDILATNPINLSVVFGVLIFFGKGVCVSCSFQE*	MKNGTESFVSLGHWPLAGSFGFNTDILATNLINLSVVFGVLIFFGKGVCASCFFQE	57	56	56	1	56	1	56	103	87.5	1.75e-28	98.2	100
smORF_15	GMSC10.90AA.000_286_535_530	MKNLTDSFVYLGHWPSAGSFGFNTDILATNPINLSVVFGVLIFFGKGVCVSCSFQE*	MKNLTDSFLSLGLWSSAGSFGFNTDILATNPINLSVVLGVLIFFGKGVCASCLFQE	57	56	56	1	56	1	56	103	87.5	1.75e-28	98.2	100
smORF_15	GMSC10.90AA.000_096_424_352	MKNLTDSFVYLGHWPSAGSFGFNTDILATNPINLSVVFGVLIFFGKGVCVSCSFQE*	MKNVTDPFLFLGFWPFAGSFGLNTDILATNPINLSVVLGVLIFFGKGVCASCLFQE	57	56	56	1	56	1	56	101	82.1	1.01e-27	98.2	100
smORF_15	GMSC10.90AA.000_096_424_387	MKNLTDSFVYLGHWPSAGSFGFNTDILATNPINLSVVFGVLIFFGKGVCVSCSFQE*	MKNVTDSFVYLVGHYPFAGSFAFNTDILATNPINLSIVLGVLIFFGKGVCASCLFQE	57	57	57	1	56	1	57	101	84.2	1.48e-27	98.2	100
smORF_15	GMSC10.90AA.000_245_678_742	MKNLTDSFVYLGHWPSAGSFGFNTDILATNPINLSVVFGVLIFFGKGVCVSCSFQE*	MKNITDSFLCLGSWPSAGSFVFNTDILATNPINLSVVLGLLVFFGKGVCASCLFQRINWI	57	60	56	1	56	1	56	99.8	80.4	6.49e-27	98.2	93.3
smORF_15	GMSC10.90AA.000_096_424_922	MKNLTDSFVYLGHWPSAGSFGFNTDILATNPINLSVVFGVLIFFGKGVCVSCSFQE*	MKNVTHSFVFLAHWPFAGSFGLNTDILATNLINLSVVLGVLIFFGKGVCASCLFQE	57	56	56	1	56	1	56	99.4	82.1	8.35e-27	98.2	100
smORF_15	GMSC10.90AA.000_095_868_983	MKNLTDSFVYLGHWPSAGSFGFNTDILATNPINLSVVFGVLIFFGKGVCVSCSFQE*	MKNGTDSFVSSFHWRFAGSFGFNTDILATNPINLGVVLGVLIFFGKGVCVSCLFQE	57	56	56	1	56	1	56	97.4	83.9	4.84e-26	98.2	100
smORF_16	GMSC10.90AA.000_051_076_452	MFLISRLAETNRAPFDLPEAEAESVAGYNVEYARDAILNSPLLAEANVPGSRGLILTETRGGSLPTQKYSIFGKTKNVIA*	MFLISRLAETNRAPFDLPEAEAESVAGYNVEYARDAILNSPLLAEANVPGSRGLILTETRGGSLPTQKYSIFGKTKNVIA	81	80	80	1	80	1	80	159	100	9.69e-50	98.8	100
smORF_16	GMSC10.90AA.000_048_907_567	MFLISRLAETNRAPFDLPEAEAESVAGYNVEYARDAILNSPLLAEANVPGSRGLILTETRGGSLPTQKYSIFGKTKNVIA*	MFFISCLAETNRAPFDLPEAEAESVAGYNVEYARDAILNSSLLAEANVPGSRGLILTETRGGSLPTEKYAILGKPKNVSA	81	80	80	1	80	1	80	142	90.0	5.02e-43	98.8	100
smORF_16	GMSC10.90AA.000_048_908_786	MFLISRLAETNRAPFDLPEAEAESVAGYNVEYARDAILNSPLLAEANVPGSRGLILTETRGGSLPTQKYSIFGKTKNVIA*	MFFISRLAETNRAPFDLPEAEAESVAGYNVEYARDAILNSPLLAEANVPGSRGLILTETRGGSLPTFQYSGSQKT	81	75	75	1	75	1	75	134	92.0	6.96e-40	92.6	100
smORF_17	GMSC10.90AA.000_261_853_601	MVDTRDSKSRAKERGGSSPLQGIILKWNKFGSGSRNIGDLLYLMNGEGESALKSSALRPAVYDSTGITQG*	MVDTRDSKSRAKERGGSSPLQGIILKWNKFGSGSRNLGDLLYLMNGEGESALKSSALRPAVYDSTGITQG	71	70	70	1	70	1	70	139	98.6	2.04e-42	98.6	100
smORF_17	GMSC10.90AA.000_211_876_716	MVDTRDSKSRAKERGGSSPLQGIILKWNKFGSGSRNIGDLLYLMNGEGESALKSSALRPAVYDSTGITQG*	MVDTRDSKSRAKERGGSSPLQGIILKWNKFGGGSRNLGDLLYLMNGEGESALKSSALRPAVYDSTGITQG	71	70	70	1	70	1	70	138	97.1	8.34e-42	98.6	100
smORF_17	GMSC10.90AA.000_211_876_721	MVDTRDSKSRAKERGGSSPLQGIILKWNKFGSGSRNIGDLLYLMNGEGESALKSSALRPAVYDSTGITQG*	MVDTRDSKSRAKKRGGSSPLQGIILKWNKFGSGSRNLGDLLYLMNGEGESALKSSALRPAVYDSTGITQG	71	70	70	1	70	1	70	138	97.1	8.34e-42	98.6	100
smORF_18	GMSC10.90AA.000_269_941_884	MLLLKHGRIEILDQNTMYGWYELPKQEFLNSEQPELLLTTSKKFPLIKDGNPLENQKYACRIKLLLLSVPITNQLNN*	MLLLKHGRIEILDQNTMYGWYELPKQEFLNSEQPELLLTTSKKFPLIKDGNPLENQKYACWMKLLLLSVPITNQLNN	78	77	77	1	77	1	77	157	97.4	4.53e-49	98.7	100
smORF_18	GMSC10.90AA.000_285_309_085	MLLLKHGRIEILDQNTMYGWYELPKQEFLNSEQPELLLTTSKKFPLIKDGNPLENQKYACRIKLLLLSVPITNQLNN*	MLLLKHGRIEILDQNTMYGWYELPKQEFLNSEQPELLLTTSKKFPLMKDGNPLENQKYACRMKLLLLSVPIMNQLNN	78	77	77	1	77	1	77	156	96.1	6.44e-49	98.7	100
smORF_18	GMSC10.90AA.000_248_254_891	MLLLKHGRIEILDQNTMYGWYELPKQEFLNSEQPELLLTTSKKFPLIKDGNPLENQKYACRIKLLLLSVPITNQLNN*	MLLLKHGRIEILDQNTMYGWYELPKQEFLNGEQPEPITHYIQKFPLMKHVNPLENQKYACPMKWLLLSAPITNHWFN	78	77	77	1	77	1	77	122	76.6	2.46e-35	98.7	100
smORF_18	GMSC10.90AA.000_114_010_065	MLLLKHGRIEILDQNTMYGWYELPKQEFLNSEQPELLLTTSKKFPLIKDGNPLENQKYACRIKLLLLSVPITNQLNN*	MLLLKHGRIEILDQNTMYGWYELPKQEFLNGEQPEPLTHYIKQFPLMKHVNPLENKKDACPMKWLLLSAPITNHWFN	78	77	77	1	77	1	77	117	75.3	1.66e-33	98.7	100
smORF_18	GMSC10.90AA.000_283_293_754	MLLLKHGRIEILDQNTMYGWYELPKQEFLNSEQPELLLTTSKKFPLIKDGNPLENQKYACRIKLLLLSVPITNQLNN*	MLLLKHGRIEILDQDTMDGWYELPKQEFLNSEQPEPIAHSIKKCPLMKDVNPLENQKYACLMKWLLLSAPRTNHWFN	78	77	77	1	77	1	77	117	75.3	1.66e-33	98.7	100
smORF_18	GMSC10.90AA.000_114_008_660	MLLLKHGRIEILDQNTMYGWYELPKQEFLNSEQPELLLTTSKKFPLIKDGNPLENQKYACRIKLLLLSVPITNQLNN*	MLLLKDRRIEILDQNTMYEWYELPKQELLNGEQPEPITHYIKKFPLIKHVNPLIKHVNPLENKKYACPMKWFLLSAPIMNHFIGLTE	78	87	80	1	73	1	80	97.4	65.0	2.65e-25	93.6	92.0
smORF_19	GMSC10.90AA.000_206_822_833	MTTFNNLPSIFVPLVGLVFPAIAMASLFLHIQKNKIF*	MTTFNNLPSIFVPLVGLVFPAIAMASLFLHIQKNKIF	38	37	37	1	37	1	37	75.1	100	1.02e-17	97.4	100
smORF_19	GMSC10.90AA.000_206_822_834	MTTFNNLPSIFVPLVGLVFPAIAMASLFLHIQKNKIF*	MTTFNNLPSILVPLVGLVFPAIAMASLFLHVQKNKIF	38	37	37	1	37	1	37	72.4	94.6	1.19e-16	97.4	100
smORF_19	GMSC10.90AA.000_261_195_931	MTTFNNLPSIFVPLVGLVFPAIAMASLFLHIQKNKIF*	MTTLSNLPSIFVPLVGLVFPAITMASLFLHVQKNKIF	38	37	37	1	37	1	37	68.9	89.2	2.82e-15	97.4	100
smORF_19	GMSC10.90AA.000_279_406_058	MTTFNNLPSIFVPLVGLVFPAIAMASLFLHIQKNKIF*	MTILNNFPSIFVPLVGLVFPAIAMASLFLHVQKNKIF	38	37	37	1	37	1	37	68.6	89.2	4.01e-15	97.4	100
smORF_19	GMSC10.90AA.000_206_829_219	MTTFNNLPSIFVPLVGLVFPAIAMASLFLHIQKNKIF*	MTTFSNLPSIFVPLVGLVFPAMAMASLFLFVQKNKIF	38	37	37	1	37	1	37	68.2	89.2	5.70e-15	97.4	100
smORF_19	GMSC10.90AA.000_207_120_573	MTTFNNLPSIFVPLVGLVFPAIAMASLFLHIQKNKIF*	MTTLTTLPSIFVPLVGLVFPAIAMASLFLHVQKNKIF	38	37	37	1	37	1	37	67.8	89.2	8.10e-15	97.4	100
smORF_19	GMSC10.90AA.000_207_089_929	MTTFNNLPSIFVPLVGLVFPAIAMASLFLHIQKNKIF*	MTTLNNLPSLFVPLVGLVFPAIAMASLSFHVQKNKIF	38	37	37	1	37	1	37	67.0	86.5	1.64e-14	97.4	100
smORF_19	GMSC10.90AA.000_284_857_326	MTTFNNLPSIFVPLVGLVFPAIAMASLFLHIQKNKIF*	MTILNNLPSIFVPLVGLVFPAIAMASLSLHVQKNKIF	38	37	37	1	37	1	37	67.0	89.2	1.64e-14	97.4	100
smORF_19	GMSC10.90AA.000_085_482_686	MTTFNNLPSIFVPLVGLVFPAIAMASLFLHIQKNKIF*	MITLNNFPSIFVPLVGLVFPAIAMVSLSLHVQKNKIF	38	37	37	1	37	1	37	63.9	83.8	2.73e-13	97.4	100
smORF_19	GMSC10.90AA.000_277_050_968	MTTFNNLPSIFVPLVGLVFPAIAMASLFLHIQKNKIF*	MITFNSFPSIFVPLVGLVFPAIAMASLSLYVQKNKIF	38	37	37	1	37	1	37	63.5	83.8	3.88e-13	97.4	100
smORF_19	GMSC10.90AA.000_259_379_805	MTTFNNLPSIFVPLVGLVFPAIAMASLFLHIQKNKIF*	MTAFNLPSIFVPLVGLVFPAIAMASLFLHVQKNKIV	38	36	36	1	36	1	35	63.2	91.7	5.42e-13	94.7	97.2
smORF_19	GMSC10.90AA.000_200_094_763	MTTFNNLPSIFVPLVGLVFPAIAMASLFLHIQKNKIF*	MTILNNLPSFFVPLVGLVFPAIAMASLSLHVQKKKIF	38	37	37	1	37	1	37	63.2	83.8	5.51e-13	97.4	100
smORF_19	GMSC10.90AA.000_279_554_967	MTTFNNLPSIFVPLVGLVFPAIAMASLFLHIQKNKIF*	MTTISNLPAFFVPLVGLVFPAIAMVSLSLHVQKNKIF	38	37	37	1	37	1	37	63.2	81.1	5.51e-13	97.4	100
smORF_19	GMSC10.90AA.000_196_138_166	MTTFNNLPSIFVPLVGLVFPAIAMASLFLHIQKNKIF*	MTDFNLPSIFVPLVGLVFPAMAMASLFLHVQKNKIL	38	36	36	1	36	1	35	61.6	88.9	2.21e-12	94.7	97.2
smORF_19	GMSC10.90AA.000_206_814_324	MTTFNNLPSIFVPLVGLVFPAIAMASLFLHIQKNKIF*	MTTFHFPSIFVPLVGLVFPAIAMASLFLHVQKNKIV	38	36	36	1	36	1	35	61.6	88.9	2.21e-12	94.7	97.2
smORF_19	GMSC10.90AA.000_206_828_316	MTTFNNLPSIFVPLVGLVFPAIAMASLFLHIQKNKIF*	MTTFSFPSIFVPLVGLVFPAIAMASLFLHVQKNKII	38	36	36	1	36	1	35	61.6	88.9	2.21e-12	94.7	97.2
smORF_19	GMSC10.90AA.000_260_156_120	MTTFNNLPSIFVPLVGLVFPAIAMASLFLHIQKNKIF*	MTIINILPSIFVPLVGLVFPAIAMASLSLHVQKNKIL	38	37	36	1	36	1	36	61.2	86.1	3.20e-12	94.7	97.3
smORF_19	GMSC10.90AA.000_206_822_732	MTTFNNLPSIFVPLVGLVFPAIAMASLFLHIQKNKIF*	MTTFNLPSFFVPLVGLVFPAIAMASLSLHVQKNKIV	38	36	36	1	36	1	35	60.5	88.9	6.36e-12	94.7	97.2
smORF_19	GMSC10.90AA.000_261_152_515	MTTFNNLPSIFVPLVGLVFPAIAMASLFLHIQKNKIF*	MTTFNFPSIFVPLVGLVFPAIAMASLSLHVQKNKIV	38	36	36	1	36	1	35	60.5	88.9	6.36e-12	94.7	97.2
smORF_19	GMSC10.90AA.000_206_822_375	MTTFNNLPSIFVPLVGLVFPAIAMASLFLHIQKNKIF*	MTTFNFPSIFVPLVGLVFPAMAMASLFLYVQKNKIV	38	36	36	1	36	1	35	60.1	86.1	9.03e-12	94.7	97.2
smORF_19	GMSC10.90AA.000_200_095_260	MTTFNNLPSIFVPLVGLVFPAIAMASLFLHIQKNKIF*	MTILNSFPSIFVPLVGLVFPAMAMASLFLYLEKNKIL	38	37	36	1	36	1	36	59.3	77.8	1.86e-11	94.7	97.3
smORF_19	GMSC10.90AA.000_282_292_137	MTTFNNLPSIFVPLVGLVFPAIAMASLFLHIQKNKIF*	MTTINFPSILVPLVGLVFPAIAMASLFLHVQRNKIV	38	36	36	1	36	1	35	57.8	83.3	7.45e-11	94.7	97.2
smORF_19	GMSC10.90AA.000_085_259_547	MTTFNNLPSIFVPLVGLVFPAIAMASLFLHIQKNKIF*	MITFNFPSLFVPLVGLVFPAIAMASLSLHVQKNKIV	38	36	36	1	36	1	35	57.4	83.3	1.06e-10	94.7	97.2
smORF_19	GMSC10.90AA.000_261_200_641	MTTFNNLPSIFVPLVGLVFPAIAMASLFLHIQKNKIF*	MTTMNFPSIFVPLVGLVFPAIAMASLFLYVQKKKIV	38	36	36	1	36	1	35	56.6	83.3	2.14e-10	94.7	97.2
smORF_19	GMSC10.90AA.000_207_088_596	MTTFNNLPSIFVPLVGLVFPAIAMASLFLHIQKNKIF*	MTTLNFPSVLVPLVGLVFPAIAMASLFLYVQKNKIV	38	36	36	1	36	1	35	56.2	80.6	3.04e-10	94.7	97.2
smORF_20	GMSC10.90AA.000_287_796_510	MTRNVRRGGKIWVRIFPDKPVTVRPAETRMGSGKGSPEYWVAVVKPGKILYEMGGVPENIARKAISIAASKMPIKTQFIISE*	MTRNVRRGGKIWVRIFPDKPVTLRPSETRMGSGKGSPEYWVAVVKPGRMIYEMGGVAENIARKAISIAASKMPIRTQFIISG	83	82	81	1	81	1	81	157	91.4	6.47e-49	97.6	98.8
smORF_20	GMSC10.90AA.000_205_217_145	MTRNVRRGGKIWVRIFPDKPVTVRPAETRMGSGKGSPEYWVAVVKPGKILYEMGGVPENIARKAISIAASKMPIKTQFIISE*	MTRNVRRGGKIWVRIFPDKPVTVRPAETRMGSGKGSPEYWVAIVKPGRILYEMGGVAENVARRAISIAGSKMPIRTQLIISG	83	82	81	1	81	1	81	155	90.1	2.64e-48	97.6	98.8
smORF_20	GMSC10.90AA.000_205_187_959	MTRNVRRGGKIWVRIFPDKPVTVRPAETRMGSGKGSPEYWVAVVKPGKILYEMGGVPENIARKAISIAASKMPIKTQFIISE*	MTRNARRGGKIWVRIFPDKPITVRPAETRMGSGKGSPEYWVAVVKPGRILYEINGVAENIARRAISIAASKMPIRTQFIISG	83	82	81	1	81	1	81	154	90.1	7.58e-48	97.6	98.8
smORF_20	GMSC10.90AA.000_279_526_810	MTRNVRRGGKIWVRIFPDKPVTVRPAETRMGSGKGSPEYWVAVVKPGKILYEMGGVPENIARKAISIAASKMPIKTQFIISE*	MTRYARRGGKIWVRVFPDKPITVRPAETRMGSGKGSPEYWVSVVKPGRILYEMGGVSETVARAAISIAACKMPIKTQFVISG	83	82	81	1	81	1	81	148	85.2	1.47e-45	97.6	98.8
smORF_20	GMSC10.90AA.000_205_187_958	MTRNVRRGGKIWVRIFPDKPVTVRPAETRMGSGKGSPEYWVAVVKPGKILYEMGGVPENIARKAISIAASKMPIKTQFIISE*	MTRNARRGGKIWVRIFPDKPITIRPAETRMGSGKGSPEYWVAVVKSGRILYEIGGVTENIAKRAILTAASKMPIRTQFISSG	83	82	81	1	81	1	81	145	84.0	2.45e-44	97.6	98.8
smORF_20	GMSC10.90AA.000_279_526_809	MTRNVRRGGKIWVRIFPDKPVTVRPAETRMGSGKGSPEYWVAVVKPGKILYEMGGVPENIARKAISIAASKMPIKTQFIISE*	MTRYARRGGKIWVRIFPDKPVTVRPTETRMGSGKGSPEYWVSVVKPGRILYEMSGVSETVARTAISIAASKMPIPTQFVITG	83	82	81	1	81	1	81	144	84.0	9.99e-44	97.6	98.8
smORF_20	GMSC10.90AA.000_205_565_831	MTRNVRRGGKIWVRIFPDKPVTVRPAETRMGSGKGSPEYWVAVVKPGKILYEMGGVPENIARKAISIAASKMPIKTQFIISE*	MTRYARRGGKIWLRIFPDKPVTVRPAETRMGSGKGSPEYWVSVVKPGRILYEMGGVSEAVAKAAISLAASKMPIRTQFVRIGM	83	83	79	1	79	1	79	143	83.5	2.08e-43	95.2	95.2
smORF_20	GMSC10.90AA.000_205_565_841	MTRNVRRGGKIWVRIFPDKPVTVRPAETRMGSGKGSPEYWVAVVKPGKILYEMGGVPENIARKAISIAASKMPIKTQFIISE*	MTRYARRGGKLWIRVFPDKPVTMRPAETRMGSGKGSPEFWVAVVKPGKILYEMKGISEIVARSAMKIAAYKMPIKTQFLVKETK	83	84	82	1	82	1	82	139	76.8	5.05e-42	98.8	97.6
smORF_20	GMSC10.90AA.000_205_187_960	MTRNVRRGGKIWVRIFPDKPVTVRPAETRMGSGKGSPEYWVAVVKPGKILYEMGGVPENIARKAISIAASKMPIKTQFIISE*	MTRNARRGGKIWVRIFPDKPLTIKSAETRMGSGKGSSHYWVAVVKPGRILYEISGVAEKIALRAISIAASKMPIRTQFIISG	83	82	81	1	81	1	81	139	81.5	9.61e-42	97.6	98.8
smORF_20	GMSC10.90AA.000_260_974_529	MTRNVRRGGKIWVRIFPDKPVTVRPAETRMGSGKGSPEYWVAVVKPGKILYEMGGVPENIARKAISIAASKMPIKTQFIISE*	MTRYARRGGKLWIRIFPDKSVTMRPAETRMGSGKGSPEYWVAVVKPGKILYELKGVSENVARAAMRIAAYKMPISTQFILKEKK	83	84	82	1	82	1	82	139	79.3	1.02e-41	98.8	97.6
smORF_20	GMSC10.90AA.000_205_565_835	MTRNVRRGGKIWVRIFPDKPVTVRPAETRMGSGKGSPEYWVAVVKPGKILYEMGGVPENIARKAISIAASKMPIKTQFIISE*	MTRYARRGGKLWIRIFPDKPITMRPAETRMGSGKGAPEYWVAVVKPGRILYEMSGVSETIARSAMRIASYKMPIKTQFLVAPK	83	83	81	1	81	1	81	138	76.5	1.41e-41	97.6	97.6
smORF_20	GMSC10.90AA.000_260_939_651	MTRNVRRGGKIWVRIFPDKPVTVRPAETRMGSGKGSPEYWVAVVKPGKILYEMGGVPENIARKAISIAASKMPIKTQFIISE*	MTRQVRRGGQLWIRMFPDKPVTMRPAETRMGSGKGAPEYWVAVVKPGKVLYELKGVPETVARVALRLAASKLPVKTQILVK	83	81	80	1	80	1	80	138	73.8	1.88e-41	96.4	98.8
smORF_20	GMSC10.90AA.000_260_976_080	MTRNVRRGGKIWVRIFPDKPVTVRPAETRMGSGKGSPEYWVAVVKPGKILYEMGGVPENIARKAISIAASKMPIKTQFIISE*	MTRYIRRGGKIWIRIFPDKPVTMRPAETRMGSGKGSPEYWVAVVKPGRIMFELAGVPEATAREAMRLAAQKLPIKTKFITRDEEYV	83	86	79	1	79	1	79	137	77.2	6.26e-41	95.2	91.9
smORF_20	GMSC10.90AA.000_205_052_445	MTRNVRRGGKIWVRIFPDKPVTVRPAETRMGSGKGSPEYWVAVVKPGKILYEMGGVPENIARKAISIAASKMPIKTQFIISE*	MTRKIRRGGKIWIRLFPDKPVTMRAAETRMGSGKGTPEYWVAVVKPGKVLYELKGIPETVARVALQLAASKLPVKTNILVRS	83	82	80	1	80	1	80	135	71.3	2.27e-40	96.4	97.6
smORF_20	GMSC10.90AA.000_205_574_906	MTRNVRRGGKIWVRIFPDKPVTVRPAETRMGSGKGSPEYWVAVVKPGKILYEMGGVPENIARKAISIAASKMPIKTQFIISE*	MTRYIRRGGKIWIRIFPDKPVTMRAAETRMGSGKGSPEFWVAVIKPGRMLYEMNGVSEEVAREAIRLASFKMPVKTQFVRKEDA	83	84	82	1	82	1	82	135	73.2	2.41e-40	98.8	97.6
smORF_20	GMSC10.90AA.000_204_911_613	MTRNVRRGGKIWVRIFPDKPVTVRPAETRMGSGKGSPEYWVAVVKPGKILYEMGGVPENIARKAISIAASKMPIKTQFIISE*	MTRFVKRGGKIWIRIFPDKPVTKKPAETRMGKGKGAPEYWVAVVKPGRILYEMEGVPEALAREAMKLAAQKLPIKTRFVMRMEQGGE	83	87	80	1	80	1	80	135	75.0	3.73e-40	96.4	92.0
smORF_20	GMSC10.90AA.000_205_574_296	MTRNVRRGGKIWVRIFPDKPVTVRPAETRMGSGKGSPEYWVAVVKPGKILYEMGGVPENIARKAISIAASKMPIKTQFIISE*	MTRYIKRGGKVWIRIFPDKPVTQKPAETRMGKGKGSPEYWVAVVKPGRILYELSGVPEDIAKEAMRLAAHKLPIKTKFVTRKDLGEK	83	87	79	1	79	1	79	135	73.4	3.73e-40	95.2	90.8
smORF_20	GMSC10.90AA.000_204_911_615	MTRNVRRGGKIWVRIFPDKPVTVRPAETRMGSGKGSPEYWVAVVKPGKILYEMGGVPENIARKAISIAASKMPIKTQFIISE*	MTRFVKRGGKIWIRIFPDKPVTKKPAETRMGKGKGAPEYWVAVVKPGRVLYEMEGVPESVAREAMRLAAAKLPMKTKFVMRLEKGPEH	83	88	80	1	80	1	80	135	72.5	3.84e-40	96.4	90.9
smORF_20	GMSC10.90AA.000_205_574_912	MTRNVRRGGKIWVRIFPDKPVTVRPAETRMGSGKGSPEYWVAVVKPGKILYEMGGVPENIARKAISIAASKMPIKTQFIISE*	MTRYIRRGGKIWIRVFPDKPVTMRAAETRMGSGKGAPEYWVAVVKPGRIMFELGGVVEEIAREAMRLASFKLPIKTRFIVREED	83	84	82	1	82	1	82	134	72.0	4.86e-40	98.8	97.6
smORF_20	GMSC10.90AA.000_205_574_913	MTRNVRRGGKIWVRIFPDKPVTVRPAETRMGSGKGSPEYWVAVVKPGKILYEMGGVPENIARKAISIAASKMPIKTQFIISE*	MTRYIRRGGKIWIRVFPDKPVTMRAAETRMGSGKGAPEYWVAVVKPGRVMFELGGVAEEIAREAMRLASFKLPIKTKFIVREED	83	84	82	1	82	1	82	134	70.7	4.86e-40	98.8	97.6
smORF_20	GMSC10.90AA.000_205_574_155	MTRNVRRGGKIWVRIFPDKPVTVRPAETRMGSGKGSPEYWVAVVKPGKILYEMGGVPENIARKAISIAASKMPIKTQFIISE*	MTRYIKRGGKVWIKIFPDKPITAKPAETRMGSGKGSPEYWVAVVKPGRVLFEMGGVSETIAREAMRLAGHKLPIKTKFVVKGQELGGE	83	88	80	1	80	1	80	134	70.0	5.46e-40	96.4	90.9
smORF_20	GMSC10.90AA.000_260_976_079	MTRNVRRGGKIWVRIFPDKPVTVRPAETRMGSGKGSPEYWVAVVKPGKILYEMGGVPENIARKAISIAASKMPIKTQFIISE*	MTRYIRRGGKIWIRIFPDKPVTMRPAETRMGSGKGNPEFWVAVVKPGRILFEIAGVSEEIAREAMRLAAYKLPIKTKFIVRSQPQEQE	83	88	80	1	80	1	80	134	75.0	5.46e-40	96.4	90.9
smORF_20	GMSC10.90AA.000_205_565_836	MTRNVRRGGKIWVRIFPDKPVTVRPAETRMGSGKGSPEYWVAVVKPGKILYEMGGVPENIARKAISIAASKMPIKTQFIISE*	MTRYARRGGKLWIRIFPDKPVTMRAADTRMGSGKGSPEYWVAVVKPGKILYEMKGVSEAVARAAMRIASYKMPIKTQFLVKP	83	82	80	1	80	1	80	134	77.5	6.51e-40	96.4	97.6
smORF_20	GMSC10.90AA.000_260_978_217	MTRNVRRGGKIWVRIFPDKPVTVRPAETRMGSGKGSPEYWVAVVKPGKILYEMGGVPENIARKAISIAASKMPIKTQFIISE*	MTRYVRRGGKIWIRVFPDKPVTMRPAETRMGSGKGNPEYWVAVVKPGRIVFEIAGVPEATAREAMRLAAFKLPFKTKFIVRDSKEA	83	86	82	1	82	1	82	134	72.0	7.32e-40	98.8	95.3
smORF_20	GMSC10.90AA.000_205_574_154	MTRNVRRGGKIWVRIFPDKPVTVRPAETRMGSGKGSPEYWVAVVKPGKILYEMGGVPENIARKAISIAASKMPIKTQFIISE*	MTRYIKRGGKVWIKIFPDKPITAKPAETRMGSGKGSPEYWVAVVKPGRVLFEMGGVSEEVAREAMRLAGHKLPIKTKFVVKGQELGGE	83	88	80	1	80	1	80	134	68.8	7.76e-40	96.4	90.9
smORF_21	GMSC10.90AA.000_244_908_844	MKGNRKVCGFSGRMKEREKKLNINDI*	MKGNRKVCGFSGRMKEREKKLNINDI	27	26	26	1	26	1	26	58.5	100	1.97e-11	96.3	100
smORF_22	GMSC10.90AA.000_285_064_480	MDGIKYAVFTDKSIRLLGKNQYTFNVESGSTRTEIKHWVELFFGVKVIAMNSHRLPGKVKRMGPILGHTMHYRRMIITLQPGYSIPPLRKKRT*	MDGIKYAVFTDKSIQLLGKNQYTSNVESGSTRTEIKHWVELFFGVKVIAMNSHRLRGKARRMGPIMGQTMHYRRMIITLQPGYSIPPLRKKRT	94	93	93	1	93	1	93	178	92.5	4.07e-57	98.9	100
smORF_22	GMSC10.90AA.000_287_722_794	MDGIKYAVFTDKSIRLLGKNQYTFNVESGSTRTEIKHWVELFFGVKVIAMNSHRLPGKVKRMGPILGHTMHYRRMIITLQPGYSIPPLRKKRT*	MDRIKYAVFTDKSIRLLGKNQYTFNVESGSTRTEIKHWVELFFGVKVKAMNSHRLPGKGRRMGPIMGHTMHYRRMIITLQPGYSIPPLRKNLNQNT	94	96	90	1	90	1	90	177	94.4	1.82e-56	95.7	93.8
smORF_22	GMSC10.90AA.000_278_043_222	MDGIKYAVFTDKSIRLLGKNQYTFNVESGSTRTEIKHWVELFFGVKVIAMNSHRLPGKVKRMGPILGHTMHYRRMIITLQPGYSIPPLRKKRT*	MNGIKYAIFTDKSIRLLGKNQYTFNVESGSTRTEIKHWVELFFGVKVIAMNSHRLPIKGSRMRPIMGHRLHYKRMIITLQPGYSIPPLRKKRT	94	93	93	1	93	1	93	174	89.2	2.76e-55	98.9	100
smORF_22	GMSC10.90AA.000_286_575_276	MDGIKYAVFTDKSIRLLGKNQYTFNVESGSTRTEIKHWVELFFGVKVIAMNSHRLPGKVKRMGPILGHTMHYRRMIITLQPGYSIPPLRKKRT*	MNGIKYAVFTDKSIRLLGKNQYTFNVESGSTRTEIKHWVELFFDVKVIAMNSNRLPVKGRRVRPIMGHTMHYRRMIITLQPGYSIPPLRKKRT	94	93	93	1	93	1	93	173	90.3	5.56e-55	98.9	100
smORF_22	GMSC10.90AA.000_287_916_613	MDGIKYAVFTDKSIRLLGKNQYTFNVESGSTRTEIKHWVELFFGVKVIAMNSHRLPGKVKRMGPILGHTMHYRRMIITLQPGYSIPPLRKKRT*	MESNMNGIKNAVYTNKGIRLLVKNQYTSNVESGSTRTEIKHWVELFFGVKVIAMNSHRLPGKGRRMGPIMGHTMHYRRMIITLQPGYSIPPLRKKRT	94	97	93	1	93	5	97	172	89.2	1.81e-54	98.9	95.9
smORF_22	GMSC10.90AA.000_131_268_424	MDGIKYAVFTDKSIRLLGKNQYTFNVESGSTRTEIKHWVELFFGVKVIAMNSHRLPGKVKRMGPILGHTMHYRRMIITLQPGYSIPPLRKKRT*	MNGIKYAVFTDKSIRLLGKNQYTSNVESGSTRTEIKHWVERFFGVKVIAMNSHRLPVKGRRVRLIMGHTMHYRRMIITLQPGYSIPPLRKKRT	94	93	93	1	93	1	93	169	89.2	1.87e-53	98.9	100
smORF_22	GMSC10.90AA.000_287_601_311	MDGIKYAVFTDKSIRLLGKNQYTFNVESGSTRTEIKHWVELFFGVKVIAMNSHRLPGKVKRMGPILGHTMHYRRMIITLQPGYSIPPLRKKRT*	MDGIKYAVFTEKSLRLLGKNQYTFNVESGFTKTEIKHWVELFFGVKVVAVNSHRLPGKARRIGPILGHTMHYRRMIITLQPGYSIPLLDREKN	94	93	92	1	92	1	92	169	84.8	2.65e-53	97.9	98.9
smORF_22	GMSC10.90AA.000_286_130_685	MDGIKYAVFTDKSIRLLGKNQYTFNVESGSTRTEIKHWVELFFGVKVIAMNSHRLPGKVKRMGPILGHTMHYRRMIITLQPGYSIPPLRKKRT*	MDGIKYFVVTDKSIRLLLKNQYTSNVESGSTRTEIKHWVELFFGVKVIAMNSHRLPGKGRRMGPIPIMGHTMHYKRMIITLQPGYSIPPLIKKRT	94	95	95	1	93	1	95	167	88.4	1.15e-52	98.9	100
smORF_22	GMSC10.90AA.000_027_795_902	MDGIKYAVFTDKSIRLLGKNQYTFNVESGSTRTEIKHWVELFFGVKVIAMNSHRLPGKVKRMGPILGHTMHYRRMIITLQPGYSIPPLRKKRT*	MDGIKYAVVTDKSIRLLVKNQYTSNVESGSTRTEIKHWVELFFGVKVIAMNSHRLPGKGRRMGPIMGHTMHYRRMIITLQPGYSIPLLDREKN	94	93	92	1	92	1	92	167	88.0	1.54e-52	97.9	98.9
smORF_22	GMSC10.90AA.000_287_269_255	MDGIKYAVFTDKSIRLLGKNQYTFNVESGSTRTEIKHWVELFFGVKVIAMNSHRLPGKVKRMGPILGHTMHYRRMIITLQPGYSIPPLRKKRT*	MDGIKYVVFTEKSIRLLGNNQYTSNVESGSTRTEIKHWVELFFGVKVIAINSHQLPGKGRRMGPIMGHTMHYRRMIITLQPGYSILPLIEKRKEFK	94	96	92	1	92	1	92	167	87.0	1.68e-52	97.9	95.8
smORF_22	GMSC10.90AA.000_027_795_892	MDGIKYAVFTDKSIRLLGKNQYTFNVESGSTRTEIKHWVELFFGVKVIAMNSHRLPGKVKRMGPILGHTMHYRRMIITLQPGYSIPPLRKKRT*	MDGIKYAVFTDKSIRLLGKNQYTSNVESGSTRAEIKHWVELFFGVKVISHRLPRKGRRMGPIMGHTMHYRRMIITLQSGYSIPPLRKKRT	94	90	93	1	93	1	90	166	89.2	2.83e-52	98.9	100
smORF_22	GMSC10.90AA.000_027_795_898	MDGIKYAVFTDKSIRLLGKNQYTFNVESGSTRTEIKHWVELFFGVKVIAMNSHRLPGKVKRMGPILGHTMHYRRMIITLQPGYSIPPLRKKRT*	MDGIKYAVFTEKSLRLLGKNQYTFNVESGFTKTEIKHWVELFFGVKVVAVNSHRLPGKGRRMGPILGHTMHYRRMIITLQAGYSIPLLDREKN	94	93	92	1	92	1	92	166	84.8	3.10e-52	97.9	98.9
smORF_22	GMSC10.90AA.000_027_795_897	MDGIKYAVFTDKSIRLLGKNQYTFNVESGSTRTEIKHWVELFFGVKVIAMNSHRLPGKVKRMGPILGHTMHYRRMIITLQPGYSIPPLRKKRT*	MDGIKYAVFTEKSLRLLGKNQYTFNVESGFTKTEIKHWVELFFGVKVVAVNSHRLPGKGRRMGPILGHTMHYKRMIITLQPGYFIPLLDREKN	94	93	92	1	92	1	92	166	83.7	4.41e-52	97.9	98.9
smORF_22	GMSC10.90AA.000_131_268_445	MDGIKYAVFTDKSIRLLGKNQYTFNVESGSTRTEIKHWVELFFGVKVIAMNSHRLPGKVKRMGPILGHTMHYRRMIITLQPGYSIPPLRKKRT*	MNGIKYGIVTDKSIRLLGKNQYTFNVESGSTRTEIKHWVELFFGVKVIAMNSHRLPIKSRRMRPIMGHRLHYKRMIITLQPGYSIPLLRNKRT	94	93	93	1	93	1	93	165	84.9	8.90e-52	98.9	100
smORF_22	GMSC10.90AA.000_265_906_956	MDGIKYAVFTDKSIRLLGKNQYTFNVESGSTRTEIKHWVELFFGVKVIAMNSHRLPGKVKRMGPILGHTMHYRRMIITLQPGYSIPPLRKKRT*	MDGIKYAVVTDKSIRLLLKNQYTSNVESGSTRTEIKHWVELFFGVKVIAMNSHRLPGKGRRMRPIMGHTMHYRRMIITLQPGYSILTLIQKRT	94	93	93	1	93	1	93	164	88.2	1.80e-51	98.9	100
smORF_22	GMSC10.90AA.000_235_933_827	MDGIKYAVFTDKSIRLLGKNQYTFNVESGSTRTEIKHWVELFFGVKVIAMNSHRLPGKVKRMGPILGHTMHYRRMIITLQPGYSIPPLRKKRT*	MDGIKYAVFTEKSIRLLENNQYTSNVESGSTRTEIKHWVELFFGVKVIAMNSHRLPRKGRRMGPIMGHTMHYNYRRMIITLQPGYYIPPLIEKRT	94	95	95	1	93	1	95	164	86.3	2.71e-51	98.9	100
smORF_22	GMSC10.90AA.000_235_933_828	MDGIKYAVFTDKSIRLLGKNQYTFNVESGSTRTEIKHWVELFFGVKVIAMNSHRLPGKVKRMGPILGHTMHYRRMIITLQPGYSIPPLRKKRT*	MDGIKYAVFTEKSIRLLGNNQYTSNVESGSTRTEIKHWVELFFGVKVIAMNSHRLPRKGRRMGHTMHYRRMIITLQPGYSIPPLIEKRT	94	89	93	1	93	1	89	161	87.1	2.64e-50	98.9	100
smORF_22	GMSC10.90AA.000_131_267_547	MDGIKYAVFTDKSIRLLGKNQYTFNVESGSTRTEIKHWVELFFGVKVIAMNSHRLPGKVKRMGPILGHTMHYRRMIITLQPGYSIPPLRKKRT*	MNGIKNAIFTDKSIRLLGKNQYTFNVESGSTRTEIKHWVELFFGVKVIAMNSHRLPIKGRRMRPIMGHRPHYKRMIITLQPGYSILPLRKELK	94	93	91	1	91	1	91	160	85.7	6.02e-50	96.8	97.8
smORF_22	GMSC10.90AA.000_131_266_901	MDGIKYAVFTDKSIRLLGKNQYTFNVESGSTRTEIKHWVELFFGVKVIAMNSHRLPGKVKRMGPILGHTMHYRRMIITLQPGYSIPPLRKKRT*	MNGIKIKYAVFTDKTISLFRKNQYTFNVESGSTRTEIKHWVELFFGVKVRAMNSHRLPIKGRRMRPSMGHTMHYKRMIITLQPGYSIPPFRKKRT	94	95	90	4	93	6	95	159	85.6	1.84e-49	95.7	94.7
smORF_22	GMSC10.90AA.000_027_795_916	MDGIKYAVFTDKSIRLLGKNQYTFNVESGSTRTEIKHWVELFFGVKVIAMNSHRLPGKVKRMGPILGHTMHYRRMIITLQPGYSIPPLRKKRT*	MDGIKYFVVTDKSIRLLLKNQYTFNVESGSTRTEIKHWVELFFGVKVIAMNSHRLPGKGGPFMGHTMHYRRMMITLQPGYYIPPFRTKGT	94	90	93	1	93	1	90	158	84.9	4.52e-49	98.9	100
smORF_22	GMSC10.90AA.000_027_795_899	MDGIKYAVFTDKSIRLLGKNQYTFNVESGSTRTEIKHWVELFFGVKVIAMNSHRLPGKVKRMGPILGHTMHYRRMIITLQPGYSIPPLRKKRT*	MDGIKYAVFTNKSIQLFEKNQYTFNVESGLTRTEIKQWVELFFGVKVIAMNSHRLPGKGKRTGRIMEHIMHYRRMIITLQPGYSILPLRKRNLNT	94	95	91	1	91	1	91	156	84.6	3.05e-48	96.8	95.8
smORF_22	GMSC10.90AA.000_250_475_516	MDGIKYAVFTDKSIRLLGKNQYTFNVESGSTRTEIKHWVELFFGVKVIAMNSHRLPGKVKRMGPILGHTMHYRRMIITLQPGYSIPPLRKKRT*	MNEIKYAVFTDKSIRLFAKNQYTFNVESRSTRTEIKRWVELFFDVKVIAMNSHRLPIKGRRTRPIMGHTMHYKRMIITLQPGYSIPSLRTKINKKKYT	94	98	91	1	91	1	91	151	82.4	3.21e-46	96.8	92.9
smORF_22	GMSC10.90AA.000_131_267_963	MDGIKYAVFTDKSIRLLGKNQYTFNVESGSTRTEIKHWVELFFGVKVIAMNSHRLPGKVKRMGPILGHTMHYRRMIITLQPGYSIPPLRKKRT*	MNGIKSAVFTDTKFSLFRKNQYTFHVKSGLTRTERKHWVELFFGVKVRTMNQLAIPIKGRRIRPIMGHTRHYKRMIITLQPGYSIPPLRKKIT	94	93	93	1	93	1	93	134	71.0	1.41e-39	98.9	100
smORF_22	GMSC10.90AA.000_281_090_962	MDGIKYAVFTDKSIRLLGKNQYTFNVESGSTRTEIKHWVELFFGVKVIAMNSHRLPGKVKRMGPILGHTMHYRRMIITLQPGYSIPPLRKKRT*	MKLNMQYLETSIWLLGKNQYTFNIKSSSAKTKIKHWIKLFFGVKVIAMNNHQLSRKGRRMRPIMGHTMHYRRMIIILQSSYSIPPLRKKRT	94	91	85	9	93	7	91	132	71.8	1.09e-38	90.4	93.4
smORF_22	GMSC10.90AA.000_235_771_787	MDGIKYAVFTDKSIRLLGKNQYTFNVESGSTRTEIKHWVELFFGVKVIAMNSHRLPGKVKRMGPILGHTMHYRRMIITLQPGYSIPPLRKKRT*	MDEMKYPVLTEKTIRLLEKNQYTFDVDQKSTKTEIKKWIEGFFGVKVIRMNSHRPPKKKRRIGPIIGHSVRYKRMIITLRSGYSIPLFPNR	94	91	86	1	86	1	86	124	67.4	1.73e-35	91.5	94.5
smORF_23	GMSC10.90AA.000_279_523_786	MTRSLKKNPFVAKHLLRKIEKLNTKAEKEIIITWSRASTIIPTMIGHTIAIHNGREHLPVYIIDLMVGHKLGEFSPTINFRGHAKNDNRSRR*	MTRSLKKNPFVAKHLLRKIEKLNTKAEKEIIITWSRASTIIPTMIGHTIAIHNGKEHLPVYIIDLMVGHKLGEFSPTINFRGHAKNDNRSRR	93	92	92	1	92	1	92	182	98.9	1.13e-58	98.9	100
smORF_23	GMSC10.90AA.000_205_410_292	MTRSLKKNPFVAKHLLRKIEKLNTKAEKEIIITWSRASTIIPTMIGHTIAIHNGREHLPVYIIDLMVGHKLGEFSPTINFRGHAKNDNRSRR*	MTRSLKKNPFVANHLLRKINKLNTKAEKEIIITWSRASTIIPTMIGHTIAVHNGQEHFPIYITDRMVGHKLGEFSPTLNFRGHAKNDNKSRR	93	92	92	1	92	1	92	169	89.1	1.22e-53	98.9	100
smORF_23	GMSC10.90AA.000_287_556_199	MTRSLKKNPFVAKHLLRKIEKLNTKAEKEIIITWSRASTIIPTMIGHTIAIHNGREHLPVYIIDLMVGHKLGEFSPTINFRGHAKNDNRSRR*	MTRSLKKNPFVANHLLKKIDKLNTKAEKEIIITWSRASTIIPTMIGHTIAIHNGKEHLPIYITDSMVGHKLGEFAPTLNFRGHAKSDNRSRR	93	92	92	1	92	1	92	169	89.1	1.22e-53	98.9	100
smORF_23	GMSC10.90AA.000_274_117_622	MTRSLKKNPFVAKHLLRKIEKLNTKAEKEIIITWSRASTIIPTMIGHTIAIHNGREHLPVYIIDLMVGHKLGEFSPTINFRGHAKNDNRSRR*	MTRSLKKNPFVANHLLRKINKLNTKAEKEVIITWSRTSTIIPTMIGHTIAIHNGKEHLPMYITDRMVGHKLGEFSPTLNFRGHSKNDNRSRR	93	92	92	1	92	1	92	169	89.1	1.74e-53	98.9	100
smORF_23	GMSC10.90AA.000_287_015_794	MTRSLKKNPFVAKHLLRKIEKLNTKAEKEIIITWSRASTIIPTMIGHTIAIHNGREHLPVYIIDLMVGHKLGEFSPTINFRGHAKNDNRSRR*	MTRSLKKNPFVANHLLRKINKLNTKAEKNLIVTWSRASTIIPTMIGHTIAIHNGKEHLPIYITDRMVGHKLGEFAPTINFRGHAKNDNKSRR	93	92	92	1	92	1	92	168	88.0	3.51e-53	98.9	100
smORF_23	GMSC10.90AA.000_282_275_978	MTRSLKKNPFVAKHLLRKIEKLNTKAEKEIIITWSRASTIIPTMIGHTIAIHNGREHLPVYIIDLMVGHKLGEFSPTINFRGHAKNDNRSRR*	MTRSLKKNPFVANHLLRKIDKLNTKEEKEIIVTWSRASTIIPTMVGHTIAIHNGRDHLPIYITDRMVGHKLGEFSPTLSFRGHAKNDNKSRR	93	92	92	1	92	1	92	168	87.0	4.98e-53	98.9	100
smORF_23	GMSC10.90AA.000_274_117_621	MTRSLKKNPFVAKHLLRKIEKLNTKAEKEIIITWSRASTIIPTMIGHTIAIHNGREHLPVYIIDLMVGHKLGEFSPTINFRGHAKNDNRSRR*	MTRSLKKNPFVANHLLIKIDKLNKKAEKEIIVTWSRASTIIPTMIGHTVAVHNGREHLPVYITDRMVGHKLGEFAPTLNFRGHAKNDNRSRR	93	92	92	1	92	1	92	167	88.0	7.08e-53	98.9	100
smORF_23	GMSC10.90AA.000_205_410_282	MTRSLKKNPFVAKHLLRKIEKLNTKAEKEIIITWSRASTIIPTMIGHTIAIHNGREHLPVYIIDLMVGHKLGEFSPTINFRGHAKNDNRSRR*	MTRSLKKNPFVANHLLKKINKLNNKAEKEIIVTWSRASTIIPTMIGHTIAIHNGKEHLPIYITDRMVGHKLGEFAPTLNFRGHAKNDNKSRR	93	92	92	1	92	1	92	167	87.0	1.01e-52	98.9	100
smORF_23	GMSC10.90AA.000_234_340_951	MTRSLKKNPFVAKHLLRKIEKLNTKAEKEIIITWSRASTIIPTMIGHTIAIHNGREHLPVYIIDLMVGHKLGEFSPTINFRGHAKNDNRSRR*	MARSLKKNPFVANHLLRKINMLNTKAEKEIIVTWSRASTIIPTMIGHTIAVHNGKEHLPIYITDRMVGHKLGEFAPTLNFRGHAKNDNRSRR	93	92	92	1	92	1	92	167	87.0	1.43e-52	98.9	100
smORF_23	GMSC10.90AA.000_260_953_321	MTRSLKKNPFVAKHLLRKIEKLNTKAEKEIIITWSRASTIIPTMIGHTIAIHNGREHLPVYIIDLMVGHKLGEFSPTINFRGHAKNDNRSRR*	MTRSLKKNPFVANHLLTKINKLNTKAEKEIIITWSRTSTIIPTMIGHTIAIHNGKEHLPIFITDRMVGHKLGEFSPTLNFRGHTKNDNRSRR	93	92	92	1	92	1	92	166	88.0	2.89e-52	98.9	100
smORF_23	GMSC10.90AA.000_016_366_030	MTRSLKKNPFVAKHLLRKIEKLNTKAEKEIIITWSRASTIIPTMIGHTIAIHNGREHLPVYIIDLMVGHKLGEFSPTINFRGHAKNDNRSRR*	MARSLKKNPFVANHLLRKMNMLNTKAEKEIIVTWSRASTIIPTMIGHTIAVHNGKEHLPIYITDRMVGHKLGEFAPTLNFRGHAKNDNRSRR	93	92	92	1	92	1	92	166	85.9	4.10e-52	98.9	100
smORF_23	GMSC10.90AA.000_205_410_286	MTRSLKKNPFVAKHLLRKIEKLNTKAEKEIIITWSRASTIIPTMIGHTIAIHNGREHLPVYIIDLMVGHKLGEFSPTINFRGHAKNDNRSRR*	MTRSLKKNPFVANHLLRKIDKLNTKAEKEIIITWSRPSSIIPTMVGHTIAIHNGKEHLPIYITDRMVGHKLGEFAPTLNFRVHAKNDNRSRR	93	92	92	1	92	1	92	165	87.0	5.83e-52	98.9	100
smORF_23	GMSC10.90AA.000_274_117_623	MTRSLKKNPFVAKHLLRKIEKLNTKAEKEIIITWSRASTIIPTMIGHTIAIHNGREHLPVYIIDLMVGHKLGEFSPTINFRGHAKNDNRSRR*	MTRSLKKNPLVTTHLLRKINKLNTKAEKEIITTWSRTSTIIPTMIGHTIAIHNGKEHLPIYITDRMVGHKLGEFSPTLNFRGHAKNDNRSRR	93	92	92	1	92	1	92	165	88.0	5.83e-52	98.9	100
smORF_23	GMSC10.90AA.000_205_410_274	MTRSLKKNPFVAKHLLRKIEKLNTKAEKEIIITWSRASTIIPTMIGHTIAIHNGREHLPVYIIDLMVGHKLGEFSPTINFRGHAKNDNRSRR*	MTRSLKKNPFIAKHLLRKIAKLNTKLEKEIIVTWSRTSTIIPTMIGHTIAVHNGKEHLPVYITDRMVGHKLGEFASTRNFRGHAKNDNRSRR	93	92	92	1	92	1	92	164	87.0	1.67e-51	98.9	100
smORF_23	GMSC10.90AA.000_274_117_620	MTRSLKKNPFVAKHLLRKIEKLNTKAEKEIIITWSRASTIIPTMIGHTIAIHNGREHLPVYIIDLMVGHKLGEFSPTINFRGHAKNDNRSRR*	MTRSLKKNPFVANHLLFKINKLNTNAKKEIIITWSRASTIIPTMIGHTIAIHNGKEHLPVYITDRMVGHKLGEFGPTLNFRGHAKNDNKSRR	93	92	92	1	92	1	92	164	88.0	1.67e-51	98.9	100
smORF_23	GMSC10.90AA.000_283_871_069	MTRSLKKNPFVAKHLLRKIEKLNTKAEKEIIITWSRASTIIPTMIGHTIAIHNGREHLPVYIIDLMVGHKLGEFSPTINFRGHAKNDNRSRR*	MTRSRKKNPFVANHLLKKINKLNTKGEKEIIITWSRTSTIIPTMIGHTIAIHNGKEHLPIYITDRMVGHKLGEFSPTLNFRGYAKNDNRSRR	93	92	92	1	92	1	92	164	87.0	1.67e-51	98.9	100
smORF_23	GMSC10.90AA.000_205_410_289	MTRSLKKNPFVAKHLLRKIEKLNTKAEKEIIITWSRASTIIPTMIGHTIAIHNGREHLPVYIIDLMVGHKLGEFSPTINFRGHAKNDNRSRR*	MTRSLKKNPFVANHLLRKIEKLNTKSEKEIIVTWSRASTIIPTMVGHTIAVHNGREHLPIYITDRMVGHKLGEFALTLKFQGHAKNDNKSRR	93	92	92	1	92	1	92	164	84.8	2.37e-51	98.9	100
smORF_23	GMSC10.90AA.000_205_410_285	MTRSLKKNPFVAKHLLRKIEKLNTKAEKEIIITWSRASTIIPTMIGHTIAIHNGREHLPVYIIDLMVGHKLGEFSPTINFRGHAKNDNRSRR*	MTRSLKKNPFVANHLLRKIDKLNTKAEKEIIITWSRASTIIPTMVGHTIAIHNGREHLPIYITDRMVGHKLGEFAPTLTFARHARNDNKSRR	93	92	92	1	92	1	92	163	85.9	3.37e-51	98.9	100
smORF_23	GMSC10.90AA.000_205_410_290	MTRSLKKNPFVAKHLLRKIEKLNTKAEKEIIITWSRASTIIPTMIGHTIAIHNGREHLPVYIIDLMVGHKLGEFSPTINFRGHAKNDNRSRR*	MTRSLKKNPFVANHLLRKIHKLNTNTKAEKEIIITWSRTSTIIPTMVSHTIAIHNGKEHLPIYITDRMVGHKLGEFAPTLNFRGHAKNDNRSRR	93	94	94	1	92	1	94	162	86.2	7.24e-51	98.9	100
smORF_23	GMSC10.90AA.000_284_881_445	MTRSLKKNPFVAKHLLRKIEKLNTKAEKEIIITWSRASTIIPTMIGHTIAIHNGREHLPVYIIDLMVGHKLGEFSPTINFRGHAKNDNRSRR*	MTRSLKKNPFVANPLLKKIDKLNTKAEKEIIVTWSRASTIIPTMIGHTIAIHNGKEHLPIYITDHMVGHKLGEFVPTLNFRGHAKGDNRSRH	93	92	91	1	91	1	91	162	86.8	1.38e-50	97.8	98.9
smORF_23	GMSC10.90AA.000_287_593_510	MTRSLKKNPFVAKHLLRKIEKLNTKAEKEIIITWSRASTIIPTMIGHTIAIHNGREHLPVYIIDLMVGHKLGEFSPTINFRGHAKNDNRSRR*	MTRSLKLKKNPFVANHLLRKINKLNTKAEKEIIITWSRASTIIPIMIGHSIAIHNGKEHLPIYITDRMVGHKLGEFVPTLNFRGHAKNDNRSRR	93	94	94	1	92	1	94	162	87.2	1.46e-50	98.9	100
smORF_23	GMSC10.90AA.000_205_411_113	MTRSLKKNPFVAKHLLRKIEKLNTKAEKEIIITWSRASTIIPTMIGHTIAIHNGREHLPVYIIDLMVGHKLGEFSPTINFRGHAKNDNRSRR*	MTRSLNKNPFVANHLLRKIDKLNTKAEKEIIVTWSRASTILPTMIGHTIAIHNGKEHLPIYITEPMIGHKLGEFVPTFNFQGHAKGDNRSRR	93	92	92	1	92	1	92	161	83.7	1.95e-50	98.9	100
smORF_23	GMSC10.90AA.000_243_846_128	MTRSLKKNPFVAKHLLRKIEKLNTKAEKEIIITWSRASTIIPTMIGHTIAIHNGREHLPVYIIDLMVGHKLGEFSPTINFRGHAKNDNRSRR*	MIRSLKKNPFVANNLLIKIEKLNKKAEKKIIVTWSRASTIIPTMIGHTIAIHNGKEHFPIYIIDRMVGHKLGEFVPTLNFRGHAKNDNRSRR	93	92	92	1	92	1	92	160	85.9	3.95e-50	98.9	100
smORF_23	GMSC10.90AA.000_265_390_616	MTRSLKKNPFVAKHLLRKIEKLNTKAEKEIIITWSRASTIIPTMIGHTIAIHNGREHLPVYIIDLMVGHKLGEFSPTINFRGHAKNDNRSRR*	MARSLKKNPFVGNHLLKKINKLNTKGEKEIIVTWSRASTIIPTMIGHTIAIHNGKDHLPIYITDRMVGHKLGEFAPTRNFRGHVKNDNRSRR	93	92	92	1	92	1	92	160	83.7	3.95e-50	98.9	100
smORF_23	GMSC10.90AA.000_205_410_275	MTRSLKKNPFVAKHLLRKIEKLNTKAEKEIIITWSRASTIIPTMIGHTIAIHNGREHLPVYIIDLMVGHKLGEFSPTINFRGHAKNDNRSRR*	MTRSLKKNPFIAKHLLRKIAMLNTTWEKEIIVTWSRTSTIIPTMIGHTIAVHNGKEHFPIYITDRMVGHKLGEFSSTLNFRGHAKNDNRSRR	93	92	92	1	92	1	92	160	83.7	7.96e-50	98.9	100
smORF_24	GMSC10.90AA.000_285_207_652	MIKNIVISFEEQKEESRGSVEFQVFSFTNKIRRLTSHLELHRKDYLSQRGLRKILGKRQRLLAYLSKKNRVRYKELINQLNIRELKTR*	MIKNIVISFEEQKEESRGSVEFQVFSFTNKIRRLTSHLELHRKDFLSQRGLRKILGKRQRLLAYLSKKNRVRYKELINQLNIRELKTR	89	88	88	1	88	1	88	162	98.9	5.11e-51	98.9	100
smORF_24	GMSC10.90AA.000_080_068_256	MIKNIVISFEEQKEESRGSVEFQVFSFTNKIRRLTSHLELHRKDYLSQRGLRKILGKRQRLLAYLSKKNRVRYKELINQLNIRELKTR*	MIKNSFISVISQKEKEENRGSVEFQVFCFTNKIRRLTSHLELHKKDYLSQRGLRKILGKRQRLLAYLSKKNRVRYKELIGQLNIREIKTR	89	90	90	1	88	1	90	141	85.6	1.89e-42	98.9	100
smORF_24	GMSC10.90AA.000_216_631_937	MIKNIVISFEEQKEESRGSVEFQVFSFTNKIRRLTSHLELHRKDYLSQRGLRKILGKRQRLLAYLSKKNRVRYKELINQLNIRELKTR*	MVKNSFISVISQKEENRGSVEFQVFSFTNKIRRLTSHLGLHKKDYSSQRGLRKILGKRQRLLAYLSKKNRVRYKELIGQLNIRETKTR	89	88	88	1	88	1	88	140	86.4	3.60e-42	98.9	100
smORF_24	GMSC10.90AA.000_262_503_110	MIKNIVISFEEQKEESRGSVEFQVFSFTNKIRRLTSHLELHRKDYLSQRGLRKILGKRQRLLAYLSKKNRVRYKELINQLNIRELKTR*	MVKNLFISVISQKEANRGSVEFQVFSFTNKIRRLTSHLELHRKDYLSQRGLRKILGKRQRLLSYLAKKNRVRYKELIGQLGIRETKIR	89	88	88	1	88	1	88	139	84.1	1.47e-41	98.9	100
smORF_24	GMSC10.90AA.000_215_980_055	MIKNIVISFEEQKEESRGSVEFQVFSFTNKIRRLTSHLELHRKDYLSQRGLRKILGKRQRLLAYLSKKNRVRYKELINQLNIRELKTR*	MVISQKEKEETRGSVEFQVFCFTNKIRRLTSHLELHKKDYLSQRGLRKILGKRQRLLAYLSKKNRVRYKELIGQLNIREIKTR	89	83	84	5	88	1	83	137	88.1	5.16e-41	94.4	100
smORF_24	GMSC10.90AA.000_080_069_069	MIKNIVISFEEQKEESRGSVEFQVFSFTNKIRRLTSHLELHRKDYLSQRGLRKILGKRQRLLAYLSKKNRVRYKELINQLNIRELKTR*	MIKNSLISVIPQEEKNKGSVEFQIFSFTNKIRRLTSHLELHRRDYLSQRGLRKILGKRQRLLAYLSKKNRVRYKELIGQLDIREPKIR	89	88	88	1	88	1	88	136	83.0	1.21e-40	98.9	100
smORF_24	GMSC10.90AA.000_274_626_356	MIKNIVISFEEQKEESRGSVEFQVFSFTNKIRRLTSHLELHRKDYLSQRGLRKILGKRQRLLAYLSKKNRVRYKELINQLNIRELKTR*	MVKNSFISVISQEEKEENRGSVEFQIFSFTNRIRRLTSHLQLHKKDYLSQRGLRKILGKRQRLLSYLSKKNKIGYKELINRLDIRELKTR	89	90	90	1	88	1	90	135	78.9	2.59e-40	98.9	100
smORF_24	GMSC10.90AA.000_080_068_255	MIKNIVISFEEQKEESRGSVEFQVFSFTNKIRRLTSHLELHRKDYLSQRGLRKILGKRQRLLAYLSKKNRVRYKELINQLNIRELKTR*	MIKNSFISVISQEEKKENRGSVEFQIVSFTNKIRRLTSHLELHRKDYLSQRGLRKILGKRQRLLSYFSKKNRVRYKELISQLDIRESKTR	89	90	90	1	88	1	90	135	82.2	3.67e-40	98.9	100
smORF_24	GMSC10.90AA.000_080_033_286	MIKNIVISFEEQKEESRGSVEFQVFSFTNKIRRLTSHLELHRKDYLSQRGLRKILGKRQRLLAYLSKKNRVRYKELINQLNIRELKTR*	MIKNAFISVISQEENRGSVEFQVFSFTNKIRRLTSHLELHRKDYLSQRGLRKILGKRQRLLAYLSKKNRVRYKELISHLDIREPKTH	89	87	87	1	87	1	86	135	87.4	4.78e-40	97.8	98.9
smORF_24	GMSC10.90AA.000_216_604_176	MIKNIVISFEEQKEESRGSVEFQVFSFTNKIRRLTSHLELHRKDYLSQRGLRKILGKRQRLLAYLSKKNRVRYKELINQLNIRELKTR*	MVKNAFISVISQEEKEENKGSAEFQVFNFTNKIRRLTSHLELHRKDYLSQRGLRKILGKRQRLLAYLSKKNKVRYKELISQLDIREPKIR	89	90	90	1	88	1	90	135	81.1	5.22e-40	98.9	100
smORF_24	GMSC10.90AA.000_279_748_165	MIKNIVISFEEQKEESRGSVEFQVFSFTNKIRRLTSHLELHRKDYLSQRGLRKILGKRQRLLAYLSKKNRVRYKELINQLNIRELKTR*	MVKNSFISIISQEEKEENRGSVEFQVLSFTNKIRRLTSHLELHRKDYLSQRGLRKILGKRQRLLSYLSKKNRVRYKNLINRLGIRESKIR	89	90	90	1	88	1	90	135	82.2	5.22e-40	98.9	100
smORF_24	GMSC10.90AA.000_284_925_368	MIKNIVISFEEQKEESRGSVEFQVFSFTNKIRRLTSHLELHRKDYLSQRGLRKILGKRQRLLAYLSKKNRVRYKELINQLNIRELKTR*	MVKNSVISVIFQEEKKGSVEFQVFNFTNKIRRLTSHLELHKKDYLSQRGLKKILGKRQRLLAYLAKKNRVRYKELINQLEIRETKTR	89	87	88	1	88	1	87	134	84.1	6.78e-40	98.9	100
smORF_24	GMSC10.90AA.000_201_010_177	MIKNIVISFEEQKEESRGSVEFQVFSFTNKIRRLTSHLELHRKDYLSQRGLRKILGKRQRLLAYLSKKNRVRYKELINQLNIRELKTR*	MTKNSFISVISHEKKEENRGSVEFQVFCFTNKIRRLTSHLELHKKDYSSQRGLRKILGKRQRLLVYLSNKNRIRYKELISQLNIRELKTR	89	90	90	1	88	1	90	134	82.2	7.41e-40	98.9	100
smORF_24	GMSC10.90AA.000_245_316_395	MIKNIVISFEEQKEESRGSVEFQVFSFTNKIRRLTSHLELHRKDYLSQRGLRKILGKRQRLLAYLSKKNRVRYKELINQLNIRELKTR*	MKKNSFISVISEEKKEENRGSVEFQVVGFTNKIRRLTSHLQLHKKDYSSQRGLRKILGKRQRLLAYLSKKNEIRYKELISQLNIRELKTR	89	90	90	1	88	1	90	134	82.2	1.50e-39	98.9	100
smORF_24	GMSC10.90AA.000_282_394_076	MIKNIVISFEEQKEESRGSVEFQVFSFTNKIRRLTSHLELHRKDYLSQRGLRKILGKRQRLLAYLSKKNRVRYKELINQLNIRELKTR*	MVKNPFISIIFQEKREENCGSVEFQVFRFTNKIRRLTSHLELHRKDYLSQRGLRKILEKRQRLLSYLSKKNRVRYKELISQLNIRESKNR	89	90	90	1	88	1	90	134	82.2	1.50e-39	98.9	100
smORF_24	GMSC10.90AA.000_243_292_764	MIKNIVISFEEQKEESRGSVEFQVFSFTNKIRRLTSHLELHRKDYLSQRGLRKILGKRQRLLAYLSKKNRVRYKELINQLNIRELKTR*	MIKNLFVSSISQGEKKENRGSVEFQVFSFTNKIRRLTSHLELHRKDFLSQRGLRKILGKRQRLLSYLSKKNKVRYKELISNLSIRESKTR	89	90	90	1	88	1	90	133	81.1	2.13e-39	98.9	100
smORF_24	GMSC10.90AA.000_262_504_670	MIKNIVISFEEQKEESRGSVEFQVFSFTNKIRRLTSHLELHRKDYLSQRGLRKILGKRQRLLAYLSKKNRVRYKELINQLNIRELKTR*	MVKNSFLPVISQEKKEENRGSIEFQVFNFTNKIRRLTSHLELHRKDYLSQRGLRKILGKRQRLLSYLSKKNVIRYKKLINQLNIRESQTH	89	90	89	1	87	1	89	133	78.7	3.02e-39	97.8	98.9
smORF_24	GMSC10.90AA.000_286_864_727	MIKNIVISFEEQKEESRGSVEFQVFSFTNKIRRLTSHLELHRKDYLSQRGLRKILGKRQRLLAYLSKKNRVRYKELINQLNIRELKTR*	MVKNSFISIILKEQEENKENRGSVEFQVVSFTNKIRRLTSHLELHKKDYLSQRGLRKILGKRQRLLAYLSKKNRARYKELIGQLDIRERKTR	89	92	92	1	88	1	92	133	78.3	3.20e-39	98.9	100
smORF_24	GMSC10.90AA.000_216_604_173	MIKNIVISFEEQKEESRGSVEFQVFSFTNKIRRLTSHLELHRKDYLSQRGLRKILGKRQRLLAYLSKKNRVRYKELINQLNIRELKTR*	MVKNAFISFISEEEKRGAVEFQVFSFTNKIRRLTSHLEVHKKDYLSQRGLRKILGKRQRLLSYLAKKNKVRYKELIGQLSIRETKTR	89	87	88	1	88	1	87	132	80.7	3.93e-39	98.9	100
smORF_24	GMSC10.90AA.000_216_621_683	MIKNIVISFEEQKEESRGSVEFQVFSFTNKIRRLTSHLELHRKDYLSQRGLRKILGKRQRLLAYLSKKNRVRYKELINQLNIRELKTR*	MVKNLFISVIPQEEKEENKGSVEFQVLSFTNKIRRLTSHLELHKKDFLSQKGLRKILGKRQRLLAYLSKKNRVHYKKLISQLDIREPKTR	89	90	90	1	88	1	90	132	78.9	4.29e-39	98.9	100
smORF_24	GMSC10.90AA.000_282_395_595	MIKNIVISFEEQKEESRGSVEFQVFSFTNKIRRLTSHLELHRKDYLSQRGLRKILGKRQRLLAYLSKKNRVRYKELINQLNIRELKTR*	MVKSAFISIISQEDKKENKGSVEFQIVSFTNKIRRLTSHLELHRKDYLSQRGLRKILGKRQRLLAYLAKKNGVRYKELISQLNIRESKTR	89	90	90	1	88	1	90	132	80.0	4.29e-39	98.9	100
smORF_24	GMSC10.90AA.000_201_010_176	MIKNIVISFEEQKEESRGSVEFQVFSFTNKIRRLTSHLELHRKDYLSQRGLRKILGKRQRLLAYLSKKNRVRYKELINQLNIRELKTR*	MTKNSFISFISQEEKEENRGSVEFQVFRFTKKIRRLTSHLEFHKKDYSSQRGLRKILGKRQRLLAYLSKKNTIRYKELISKLNIRELKRR	89	90	90	1	88	1	90	132	80.0	8.66e-39	98.9	100
smORF_24	GMSC10.90AA.000_282_432_607	MIKNIVISFEEQKEESRGSVEFQVFSFTNKIRRLTSHLELHRKDYLSQRGLRKILGKRQRLLAYLSKKNRVRYKELINQLNIRELKTR*	MVQNSFISLISQEEKEENRGSVEFQVFSWTNKIRRLTSHLELHRKDYLSQRGLRKILGKRQRLLSYLSKKKRVLYKYLINQLGIRESKTR	89	90	90	1	88	1	90	132	81.1	8.66e-39	98.9	100
smORF_24	GMSC10.90AA.000_216_627_212	MIKNIVISFEEQKEESRGSVEFQVFSFTNKIRRLTSHLELHRKDYLSQRGLRKILGKRQRLLAYLSKKNRVRYKELINQLNIRELKTR*	MVKNPFFSVISQEENRGSVEFQVLSFTNKIRRLTSHLQLHKKDYLSQRGLRKILGKRQRLLAYLSKKNRVRYKELIGQLDIRETKTR	89	87	88	1	88	1	87	131	83.0	1.13e-38	98.9	100
smORF_24	GMSC10.90AA.000_216_631_934	MIKNIVISFEEQKEESRGSVEFQVFSFTNKIRRLTSHLELHRKDYLSQRGLRKILGKRQRLLAYLSKKNRVRYKELINQLNIRELKTR*	MVKNSFISLLPQEEKEENRGSVEFQVLSFTNKIRRLTSHLELHRKDYLSQRGLRKILGKRKRLLSYLSKKNGIRYKKLINQLDIREPQTN	89	90	89	1	87	1	89	131	79.8	1.23e-38	97.8	98.9
smORF_25	GMSC10.90AA.000_287_899_165	MSAQSEGNYAEALQNYYEAMRLEIDPYDRSYILYNIGLIHTSNGEHTKALEYYFRALERNPFLPQAFNNMAVICHYVRLSPL*	MNRRRPQRMSAQSEGNYAEALQNYYEAMRLEIDPYDRSYILYNIGLIHTRNGEHTKALEYYFRALERNPFLPQALNNMAVICHYVRLSPL	83	90	82	1	82	9	90	165	97.6	5.14e-52	98.8	91.1
smORF_25	GMSC10.90AA.000_269_480_168	MSAQSEGNYAEALQNYYEAMRLEIDPYDRSYILYNIGLIHTSNGEHTKALEYYFRALERNPFLPQAFNNMAVICHYVRLSPL*	MLAQSEGNYAEALQNYYEATRPEMDPYDRSYILYNIGLIYTSNGEHTKALEYYFRALERNPFLSQAFNNMAVICHYVRLSLL	83	82	82	1	82	1	82	151	91.5	8.86e-47	98.8	100
smORF_25	GMSC10.90AA.000_281_975_280	MSAQSEGNYAEALQNYYEAMRLEIDPYDRSYILYNIGLIHTSNGEHTKALEYYFRALERNPFLPQAFNNMAVICHYVRLSPL*	MSAQSEGEYAEALQNYYEAMRLETDPYDRSYILYNIGLVHTSNGEHTKALEYYFQALERNPSLPQALNNTALICHYVRLSVP	83	82	80	1	80	1	80	150	90.0	3.61e-46	96.4	97.6
smORF_25	GMSC10.90AA.000_178_632_619	MSAQSEGNYAEALQNYYEAMRLEIDPYDRSYILYNIGLIHTSNGEHTKALEYYFRALERNPFLPQAFNNMAVICHYVRLSPL*	MSAQSEGEYAEALWSYYKAMRLEVDPYDRSYILYNIGLIHTSNGKHARALEYYFQALERNSFLPQAFNNMAVICHHVRLPTL	83	82	82	1	82	1	82	144	84.1	7.03e-44	98.8	100
smORF_25	GMSC10.90AA.000_178_632_617	MSAQSEGNYAEALQNYYEAMRLEIDPYDRSYILYNIGLIHTSNGEHTKALEYYFRALERNPFLPQAFNNMAVICHYVRLSPL*	MSAQSEGEYAEALQNYYEAMRLEIDPYDRSYILYNIGLIHTSNGQHSKALEYYSQALSRNPSLPQALNNMAVICHYV	83	77	77	1	77	1	77	142	89.6	2.48e-43	92.8	100
smORF_25	GMSC10.90AA.000_178_632_616	MSAQSEGNYAEALQNYYEAMRLEIDPYDRSYILYNIGLIHTSNGEHTKALEYYFRALERNPFLPQAFNNMAVICHYVRLSPL*	MSAQSEGEYAEALQNYYEAMRLEIDPYDRSYILYNIGLIHTSNGEHAKALEYYFQALERNPSLPQAFNNMAVICHYVRLSI	83	81	80	1	80	1	80	129	82.5	6.08e-38	96.4	98.8
smORF_25	GMSC10.90AA.000_178_632_618	MSAQSEGNYAEALQNYYEAMRLEIDPYDRSYILYNIGLIHTSNGEHTKALEYYFRALERNPFLPQAFNNMAVICHYVRLSPL*	MSAQSEGEYAEALQNYYQAMRLEIDPYDRSYILYNIGLIHTSNGEHAKALEYYFQAIERNPSLPQAFNNMAVICHYVRLFG	83	81	79	1	79	1	79	123	78.5	1.18e-35	95.2	97.5
smORF_25	GMSC10.90AA.000_257_094_005	MSAQSEGNYAEALQNYYEAMRLEIDPYDRSYILYNIGLIHTSNGEHTKALEYYFRALERNPFLPQAFNNMAVICHYVRLSPL*	MSAQSEGEYAEALQNYYEAMRPEIDPYDRSYIPYNIGLIHTSNGEHAKALEYYFQALERNPSLPQALNNMAVICHYVRLSVL	83	82	82	1	82	1	82	122	78.0	3.48e-35	98.8	100
smORF_26	GMSC10.90AA.000_282_955_830	MIYLSIEKDTKDLYLFINSPGGWVISGMAIYDTMQFVRPDVQTICMGLAASIASFILVGGAITKRIAFPHAWRQ*	MGLMVYLSIEDDTKDLYLFINSPGGWVISGVGIYDTMQFVRPDVHTICIGLAASMGSFILVGGEITKRLAFPHAWRQ	75	77	74	1	74	4	77	141	86.5	5.09e-43	98.7	96.1
smORF_26	GMSC10.90AA.000_286_215_807	MIYLSIEKDTKDLYLFINSPGGWVISGMAIYDTMQFVRPDVQTICMGLAASIASFILVGGAITKRIAFPHAWRQ*	MIYLSIEDETKDLYLFINSPGGWVIPGVAIYDTMQFVRPDVHTICMGLAASMGSFILVGGEITKRLAFPHAWRQWVF	75	77	74	1	74	1	74	141	87.8	5.09e-43	98.7	96.1
smORF_26	GMSC10.90AA.000_287_409_379	MIYLSIEKDTKDLYLFINSPGGWVISGMAIYDTMQFVRPDVQTICMGLAASIASFILVGGAITKRIAFPHAWRQ*	MVYLSIENATKDLYLFINSPGGWVIPGIAIYDTMQFVRPDVQTVCMGLAASMGSFILVGGKITKRLAFPHAWRQWVFI	75	78	74	1	74	1	74	141	86.5	5.24e-43	98.7	94.9
smORF_26	GMSC10.90AA.000_283_992_509	MIYLSIEKDTKDLYLFINSPGGWVISGMAIYDTMQFVRPDVQTICMGLAASIASFILVGGAITKRIAFPHAWRQ*	MVYLSIEDDTKDLYLFINSPGGWVIPGVAIYDTMQFVRPEVHTICMGLAASMGSFILVGGEITKRLAFPHAWRQ	75	74	74	1	74	1	74	141	86.5	6.64e-43	98.7	100
smORF_26	GMSC10.90AA.000_263_642_670	MIYLSIEKDTKDLYLFINSPGGWVISGMAIYDTMQFVRPDVQTICMGLAASIASFILVGGAITKRIAFPHAWRQ*	MVYLSIEDDTKDLYLFINSPGGWVIPGIAIYDTMQFVPPDVHTICMGLAASMGSFILVGGEITKRLAFPHAWRQ	75	74	74	1	74	1	74	140	86.5	1.91e-42	98.7	100
smORF_26	GMSC10.90AA.000_275_003_820	MIYLSIEKDTKDLYLFINSPGGWVISGMAIYDTMQFVRPDVQTICMGLAASIASFILVGGAITKRIAFPHAWRQ*	MVYLSIEDDTRDLYLFINSPGGWVIPGIAIYDTMQFVSPDVHTICMGLAASMGSFILVGGEITKRLAFPHAWRQ	75	74	74	1	74	1	74	139	85.1	3.85e-42	98.7	100
smORF_26	GMSC10.90AA.000_282_482_745	MIYLSIEKDTKDLYLFINSPGGWVISGMAIYDTMQFVRPDVQTICMGLAASIASFILVGGAITKRIAFPHAWRQ*	MVYLSIEDNTKDLYLFINSPGGWVIPGVAIYDTMQFVQPDVHTICMGLAASMGSFILVGGEITKRLAFPHAWRQ	75	74	74	1	74	1	74	139	85.1	3.85e-42	98.7	100
smORF_26	GMSC10.90AA.000_225_116_689	MIYLSIEKDTKDLYLFINSPGGWVISGMAIYDTMQFVRPDVQTICMGLAASIASFILVGGAITKRIAFPHAWRQ*	MVYLSIEDETKDLYLFINSPGGWVIPGIAIYDTMQFVPPDVHTICMGLAASMGSFILVGGEITKRLAFPHAWRQ	75	74	74	1	74	1	74	138	85.1	7.77e-42	98.7	100
smORF_26	GMSC10.90AA.000_277_093_560	MIYLSIEKDTKDLYLFINSPGGWVISGMAIYDTMQFVRPDVQTICMGLAASIASFILVGGAITKRIAFPHAWRQ*	MIYLSIEDDTKDLYLFINSPGGWVIPGVALYDTMQFVQPDVHTICMGSAASMGSFILVGGEITKRLAFPHAWRQ	75	74	74	1	74	1	74	138	85.1	7.77e-42	98.7	100
smORF_26	GMSC10.90AA.000_225_116_685	MIYLSIEKDTKDLYLFINSPGGWVISGMAIYDTMQFVRPDVQTICMGLAASIASFILVGGAITKRIAFPHAWRQ*	MVYLSIEDDTKDLYLFINSPGGWVIPGVAIYDTMQFVGPDVQTICMGLAASMGSFILVGGEITKRLAFPHARRQ	75	74	74	1	74	1	74	136	86.5	4.50e-41	98.7	100
smORF_26	GMSC10.90AA.000_225_116_684	MIYLSIEKDTKDLYLFINSPGGWVISGMAIYDTMQFVRPDVQTICMGLAASIASFILVGGAITKRIAFPHAWRQ*	MVYLSIEDDARDLYLFINSPGGWVIPGIAIYDTMQFVPPDVHTICMGLAASMGSFILVGGEITKRLAFPHAWR	75	73	73	1	73	1	73	134	83.6	2.54e-40	97.3	100
smORF_26	GMSC10.90AA.000_124_743_607	MIYLSIEKDTKDLYLFINSPGGWVISGMAIYDTMQFVRPDVQTICMGLAASIASFILVGGAITKRIAFPHAWRQ*	MLYLSMEDENKDLYLFVNSPGGWVIPGIAIYDTMQFVRPDIHTICLGLAASMGSFILAGGQLTKRIAFPHAWRQ	75	74	74	1	74	1	74	134	78.4	3.71e-40	98.7	100
smORF_26	GMSC10.90AA.000_225_116_688	MIYLSIEKDTKDLYLFINSPGGWVISGMAIYDTMQFVRPDVQTICMGLAASIASFILVGGAITKRIAFPHAWRQ*	MVYLSIEDDTRDLYLFINSPGGWVIPGIAIYDTMQFVPPDVHTICMGLAASMGSFILVGGEITKRLAFPHARRQ	75	74	74	1	74	1	74	133	83.8	7.49e-40	98.7	100
smORF_26	GMSC10.90AA.000_225_117_091	MIYLSIEKDTKDLYLFINSPGGWVISGMAIYDTMQFVRPDVQTICMGLAASIASFILVGGAITKRIAFPHAWRQ*	MVYLSMEDETKDLYLFINSPGGWVLPGIAIYDTMQFVRPDVQTVCMGLAASMGSFILSGGKITKRLAFPHARRQ	75	74	74	1	74	1	74	133	81.1	1.06e-39	98.7	100
smORF_26	GMSC10.90AA.000_275_003_832	MIYLSIEKDTKDLYLFINSPGGWVISGMAIYDTMQFVRPDVQTICMGLAASIASFILVGGAITKRIAFPHAWRQ*	MVYLSMEDDTKDLYLFINSPGGGVISGLGIYDTMQFVQPDVQTICMGLAASMGSFILVGGEITKRLAFPHARRQ	75	74	74	1	74	1	74	132	83.8	2.15e-39	98.7	100
smORF_26	GMSC10.90AA.000_124_742_849	MIYLSIEKDTKDLYLFINSPGGWVISGMAIYDTMQFVRPDVQTICMGLAASIASFILVGGAITKRIAFPHAWRQ*	MLYLSIESDNKDLCLFVNSPGGWVIPGLAIFDTMQYIEPDVQTVCMGLAASMGSFLLAAGEITKRLAFPHAWRQ	75	74	74	1	74	1	74	129	74.3	3.57e-38	98.7	100
smORF_26	GMSC10.90AA.000_225_118_980	MIYLSIEKDTKDLYLFINSPGGWVISGMAIYDTMQFVRPDVQTICMGLAASIASFILVGGAITKRIAFPHAWRQ*	MVYLTLEDSTQDLFLFINSPGGWIISGIAIYDIMQAVQPDVQTVCIGLAASMASFILTGGEITKRTAFPHAWRQ	75	74	74	1	74	1	74	129	75.7	5.08e-38	98.7	100
smORF_26	GMSC10.90AA.000_225_117_092	MIYLSIEKDTKDLYLFINSPGGWVISGMAIYDTMQFVRPDVQTICMGLAASIASFILVGGAITKRIAFPHAWRQ*	MVYLSMEDNTRDLYLFINSPGGWVIPGIAIYDAMQIVPPDVHTICMGLAASMGSFILVGGEFTKRLAFPHARRQ	75	74	74	1	74	1	74	124	77.0	2.42e-36	98.7	100
smORF_26	GMSC10.90AA.000_124_590_788	MIYLSIEKDTKDLYLFINSPGGWVISGMAIYDTMQFVRPDVQTICMGLAASIASFILVGGAITKRIAFPHAWRQ*	MLYFTLEDENKDLYLFLNSPGGWIVPGIALYDTMRFVKPAVETVCIGLAASMGSFLLAGGEITKRLAFPHAWRQ	75	74	74	1	74	1	74	124	66.2	4.89e-36	98.7	100
smORF_26	GMSC10.90AA.000_225_116_690	MIYLSIEKDTKDLYLFINSPGGWVISGMAIYDTMQFVRPDVQTICMGLAASIASFILVGGAITKRIAFPHAWRQ*	MVYLSIEDQTQDFYLFINCPGGWVLPGIAIFDAMQLVLPDIYTICMGIAASMGSFILVGGEITKRFAFPHAWLWRQ	75	76	72	1	72	1	72	119	72.2	2.47e-34	96.0	94.7
smORF_26	GMSC10.90AA.000_126_217_835	MIYLSIEKDTKDLYLFINSPGGWVISGMAIYDTMQFVRPDVQTICMGLAASIASFILVGGAITKRIAFPHAWRQ*	MMIYLSLENKYKNLYLFINSPGGEVLSGLAIFDIMQFVEAEVQTVCVGLAASMASLILLGGEITKRLAFPHAWRQ	75	75	74	1	74	2	75	119	73.0	3.41e-34	98.7	98.7
smORF_26	GMSC10.90AA.000_062_041_370	MIYLSIEKDTKDLYLFINSPGGWVISGMAIYDTMQFVRPDVQTICMGLAASIASFILVGGAITKRIAFPHAWRQ*	MGLMVYLSIEDGTKDQYLFINSPGGSVIPGVGLFDTMQFVSPDVHTICIGLAASMGSFILVGGEITKRLAFPHARRQ	75	77	74	1	74	4	77	119	75.7	3.61e-34	98.7	96.1
smORF_26	GMSC10.90AA.000_225_116_908	MIYLSIEKDTKDLYLFINSPGGWVISGMAIYDTMQFVRPDVQTICMGLAASIASFILVGGAITKRIAFPHAWRQ*	MVYLSLEDKNKDLYLFINSPGGEVISGMAIFDIMQLVEAEVHTVCVGLAASMGSLLLVGGEFTKRLAFPHAWRE	75	74	74	1	74	1	74	115	68.9	1.58e-32	98.7	100
smORF_26	GMSC10.90AA.000_128_347_153	MIYLSIEKDTKDLYLFINSPGGWVISGMAIYDTMQFVRPDVQTICMGLAASIASFILVGGAITKRIAFPHAWRQ*	MMYLNGEDESKDMYLYINSPGGAVLAGISVYDAMQFVVPDVHTICMGLAASMGSFILTGGEITKRIALPHALRQ	75	74	74	1	74	1	74	112	68.9	1.30e-31	98.7	100
smORF_26	GMSC10.90AA.000_283_392_280	MIYLSIEKDTKDLYLFINSPGGWVISGMAIYDTMQFVRPDVQTICMGLAASIASFILVGGAITKRIAFPHAWRQ*	MMYLNGEDENKDMYLYINSPGGAVLAGISVYDAMQFVVPDVHTICMGLAASMGSFILTGGEITKRIALPHALRQYLLFFN	75	80	74	1	74	1	74	112	68.9	2.19e-31	98.7	92.5
smORF_27	GMSC10.90AA.000_278_442_061	MATQTVEDSSRSGPRSTTVGKLLKPLNSEYGKVAPGWGTTPLMGVAMALFAVFLSIILEIYNSSVLLDGISVN*	MPTQTVEDSSRSGPRSTTVGKLLKPLNSEYGKVAPGWGTTPLMGVAMALFAVFLSIILEIYNSSVLLDGISVN	74	73	73	1	73	1	73	138	98.6	1.03e-41	98.6	100
smORF_27	GMSC10.90AA.000_287_109_856	MATQTVEDSSRSGPRSTTVGKLLKPLNSEYGKVAPGWGTTPLMGVAMALFAVFLSIILEIYNSSVLLDGISVN*	MNTIRFMATQTVENSSRSGPRRTTVGSLLKPLNSEYGKVAPGWGTTPLMGLAMALFAVFLSIILEIYNSSVLLDGISMN	74	79	73	1	73	7	79	132	93.2	3.38e-39	98.6	92.4
smORF_27	GMSC10.90AA.000_018_960_226	MATQTVEDSSRSGPRSTTVGKLLKPLNSEYGKVAPGWGTTPLMGVAMALFAVFLSIILEIYNSSVLLDGISVN*	MATQTVEDSSRSGPRRTTVGDLLKPLNSEYGKVAPGWGTTPLMGVAMALFAVFLSIILEIYNSSVLLDGITTS	74	73	71	1	71	1	71	131	95.8	5.75e-39	95.9	97.3
smORF_27	GMSC10.90AA.000_234_708_946	MATQTVEDSSRSGPRSTTVGKLLKPLNSEYGKVAPGWGTTPLMGVAMALFAVFLSIILEIYNSSVLLDGISVN*	MATQTVENSSRSGPRRTAVGDLLKPLNSEYGKVAPGWGTTPLMGVAMALFAVFLSIILEIYNSSVLLDGISMN	74	73	73	1	73	1	73	130	93.2	8.17e-39	98.6	100
smORF_27	GMSC10.90AA.000_018_960_230	MATQTVEDSSRSGPRSTTVGKLLKPLNSEYGKVAPGWGTTPLMGVAMALFAVFLSIILEIYNSSVLLDGISVN*	MATQTVEGSSRSGPRRTTAGSLLKPLNSEYGKVAPGWGTTPLMGVAMALFAIFLSIILEIYNSSILLDGISMN	74	73	73	1	73	1	73	130	90.4	1.65e-38	98.6	100
smORF_27	GMSC10.90AA.000_234_708_945	MATQTVEDSSRSGPRSTTVGKLLKPLNSEYGKVAPGWGTTPLMGVAMALFAVFLSIILEIYNSSVLLDGISVN*	MATQTVENGARSGPRRTTVGDLLKPLNSEYGKVAPGWGTTPLMGVAMALFAVFLSIILEIYNSSVLLDGISMN	74	73	73	1	73	1	73	130	91.8	1.65e-38	98.6	100
smORF_27	GMSC10.90AA.000_137_058_708	MATQTVEDSSRSGPRSTTVGKLLKPLNSEYGKVAPGWGTTPLMGVAMALFAVFLSIILEIYNSSVLLDGISVN*	MNTIRFMATQTVENGARSGPRRTTVGDLLKPLNSEYGKVAPGWGTTPLMGVAMALFAVFLSIILEIYNSSVLLDGISMN	74	79	73	1	73	7	79	130	91.8	1.96e-38	98.6	92.4
smORF_27	GMSC10.90AA.000_287_640_801	MATQTVEDSSRSGPRSTTVGKLLKPLNSEYGKVAPGWGTTPLMGVAMALFAVFLSIILEIYNSSVLLDGISVN*	MKMNTIGFMATQTVENSSKSGPRQTTVGSLLKPLNSEYGKVAPGWGTTPLMGVAMALFAVFLSIILEIYNSSVLLDGILMN	74	81	73	1	73	9	81	130	91.8	2.07e-38	98.6	90.1
smORF_27	GMSC10.90AA.000_018_958_416	MATQTVEDSSRSGPRSTTVGKLLKPLNSEYGKVAPGWGTTPLMGVAMALFAVFLSIILEIYNSSVLLDGISVN*	MATQTIEGGSKSGPRGTTVGNLLKPLNSEYGKVAPGWGTTPLMGVAMALFAVFLSIILEIYNSSVLLDGISMN	74	73	73	1	73	1	73	129	90.4	2.35e-38	98.6	100
smORF_27	GMSC10.90AA.000_234_705_811	MATQTVEDSSRSGPRSTTVGKLLKPLNSEYGKVAPGWGTTPLMGVAMALFAVFLSIILEIYNSSVLLDGISVN*	MATQIVEDSSRSGPRRTNVGSLLKPLNSEYGKVAPGWGTTPLMGVAMALFAIFLSILLEIYNSSVLLDGISMN	74	73	73	1	73	1	73	129	90.4	2.35e-38	98.6	100
smORF_27	GMSC10.90AA.000_234_708_942	MATQTVEDSSRSGPRSTTVGKLLKPLNSEYGKVAPGWGTTPLMGVAMALFAVFLSIILEIYNSSVLLDGISVN*	MATQTVEDSSKSVPRRTTVGSLLKPLNSEYGKVAPGWGTTPLMGVAMALFAVFLSIILEIYNSSVLLDGISVSY	74	74	73	1	73	1	73	129	93.2	2.41e-38	98.6	98.6
smORF_27	GMSC10.90AA.000_234_708_943	MATQTVEDSSRSGPRSTTVGKLLKPLNSEYGKVAPGWGTTPLMGVAMALFAVFLSIILEIYNSSVLLDGISVN*	MATQTVEDSSRPRPRRTTVGDLLKPLNSEYGKVAPGWGTTPLMGVAMALFAIFLSIILEIYNSSVLLDGISMN	74	73	73	1	73	1	73	129	91.8	3.33e-38	98.6	100
smORF_27	GMSC10.90AA.000_275_714_060	MATQTVEDSSRSGPRSTTVGKLLKPLNSEYGKVAPGWGTTPLMGVAMALFAVFLSIILEIYNSSVLLDGISVN*	MATQTVESSSRSGPRRTVVGDFLKPLNSEYGKVAPGWGTTPLMGVAMALFAIFLSIILEIYNSSVLLDGISMN	74	73	73	1	73	1	73	128	90.4	6.73e-38	98.6	100
smORF_27	GMSC10.90AA.000_234_708_950	MATQTVEDSSRSGPRSTTVGKLLKPLNSEYGKVAPGWGTTPLMGVAMALFAVFLSIILEIYNSSVLLDGISVN*	MATQTVESSSRSRPKPTTVGALLKPLNSEYGKVAPGWGTTPLMGVAMALFAVFLSIILEIYNSSVLLDGISMN	74	73	73	1	73	1	73	128	91.8	9.56e-38	98.6	100
smORF_27	GMSC10.90AA.000_234_708_947	MATQTVEDSSRSGPRSTTVGKLLKPLNSEYGKVAPGWGTTPLMGVAMALFAVFLSIILEIYNSSVLLDGISVN*	MATQTVENSSRSGSGPRRTTVGSLLKPLNSEYGKVAPGWGTTPLMGVAMALFAVFLSIILEIYNSSVLLDGISMN	74	75	75	1	73	1	75	128	92.0	1.01e-37	98.6	100
smORF_27	GMSC10.90AA.000_018_960_224	MATQTVEDSSRSGPRSTTVGKLLKPLNSEYGKVAPGWGTTPLMGVAMALFAVFLSIILEIYNSSVLLDGISVN*	MATQTVEDSSKSGPRRTVIGDLLKPLNSEYGKVAPGWGTTPLMGVAMALFAIFLSIILEIYNSSVLLDGILVS	74	73	73	1	73	1	73	127	89.0	1.36e-37	98.6	100
smORF_27	GMSC10.90AA.000_132_777_859	MATQTVEDSSRSGPRSTTVGKLLKPLNSEYGKVAPGWGTTPLMGVAMALFAVFLSIILEIYNSSVLLDGISVN*	MNKIGFMATQTVEGSSRSRPKPTTVGSLLKPLNSEYGKVAPGWGTTPLMGVAMALFAIFLSIILEIYNSSVLLDGISMN	74	79	73	1	73	7	79	127	90.4	1.61e-37	98.6	92.4
smORF_27	GMSC10.90AA.000_250_758_871	MATQTVEDSSRSGPRSTTVGKLLKPLNSEYGKVAPGWGTTPLMGVAMALFAVFLSIILEIYNSSVLLDGISVN*	MNIIEFMATQTVESSSRSRPKPTTVGVLLKPLNSEYGKVAPGWGTTPLMGVAMALFAVFLSIILEIYNSSVLLDGISMN	74	79	73	1	73	7	79	127	91.8	1.61e-37	98.6	92.4
smORF_27	GMSC10.90AA.000_251_316_002	MATQTVEDSSRSGPRSTTVGKLLKPLNSEYGKVAPGWGTTPLMGVAMALFAVFLSIILEIYNSSVLLDGISVN*	MNRIRFMATQTVEGSSRSRPKPTTVGALLKPLNSEYGKVAPGWGTTPLMGVAMALFAVFLSIILEIYNSSVLLDGISMN	74	79	73	1	73	7	79	127	91.8	1.61e-37	98.6	92.4
smORF_27	GMSC10.90AA.000_266_385_357	MATQTVEDSSRSGPRSTTVGKLLKPLNSEYGKVAPGWGTTPLMGVAMALFAVFLSIILEIYNSSVLLDGISVN*	MEFMATQTVEDSSRPGPRQTRVGNLLKPLNSEYGKVAPGWGTTPFMGVAMALFAVFLSIILEIYNSSVLLDGILMN	74	76	73	1	73	4	76	127	90.4	2.10e-37	98.6	96.1
smORF_27	GMSC10.90AA.000_251_496_247	MATQTVEDSSRSGPRSTTVGKLLKPLNSEYGKVAPGWGTTPLMGVAMALFAVFLSIILEIYNSSVLLDGISVN*	MNTIGFMATKTVEGSSRSRPKPTTVGELLKPLNSEYGKVAPGWGTTPLMGVAMALFAVFLSIILEIYNSSVLLDGISLN	74	79	73	1	73	7	79	127	90.4	3.25e-37	98.6	92.4
smORF_27	GMSC10.90AA.000_018_960_236	MATQTVEDSSRSGPRSTTVGKLLKPLNSEYGKVAPGWGTTPLMGVAMALFAVFLSIILEIYNSSVLLDGISVN*	MATQTVENSSRARPRRTNVGSLLKPLNSEYGKVAPGWGTTPLMGVAMALFAIFLSIILEIYNSSVLLDGISMN	74	73	73	1	73	1	73	126	89.0	3.90e-37	98.6	100
smORF_27	GMSC10.90AA.000_132_130_964	MATQTVEDSSRSGPRSTTVGKLLKPLNSEYGKVAPGWGTTPLMGVAMALFAVFLSIILEIYNSSVLLDGISVN*	MNIIGFMATQTVESGSKARPRQTTVGMLLKPLNSEYGKVAPGWGTTPLMGVAMALFAVFLSIILEIYNSSVLLDGISMN	74	79	73	1	73	7	79	125	89.0	9.34e-37	98.6	92.4
smORF_27	GMSC10.90AA.000_278_172_672	MATQTVEDSSRSGPRSTTVGKLLKPLNSEYGKVAPGWGTTPLMGVAMALFAVFLSIILEIYNSSVLLDGISVN*	MNTIRFMATQTVEGSSRSRPKPTTVGALLKPLNSEYGKVAPGWGTTPLMGVAMALFAIFLCIILEIYNSSVLLDGISMN	74	79	73	1	73	7	79	125	89.0	1.33e-36	98.6	92.4
smORF_27	GMSC10.90AA.000_018_960_222	MATQTVEDSSRSGPRSTTVGKLLKPLNSEYGKVAPGWGTTPLMGVAMALFAVFLSIILEIYNSSVLLDGISVN*	MATQTVEDGSRARPRRTNAGGLLKPLNSEYGKVAPGWGTTPLMGVAMALFAVFLSIILEIYNSSVLLDGISMN	74	73	73	1	73	1	73	125	89.0	1.59e-36	98.6	100
smORF_28	GMSC10.90AA.000_238_690_397	MEYKVLNLSLIQYYFLLFKDMKESKCESSSLWLNAKKSSKLIRLYVVLIVTGLLNLLDYLSLLSFFIWYLYGTGTGISSCFLYY*	MEYKVLNLSLIQYYFLLFKDMKESKCESSSLWLTAKKSSKLIRLYVVLIVTGLLNLLDYLSLLSFFIWYLYGTGTGISSCFLYY	85	84	84	1	84	1	84	160	98.8	2.22e-50	98.8	100
smORF_28	GMSC10.90AA.000_238_690_394	MEYKVLNLSLIQYYFLLFKDMKESKCESSSLWLNAKKSSKLIRLYVVLIVTGLLNLLDYLSLLSFFIWYLYGTGTGISSCFLYY*	MEYKVLNFSLIQYYLRVKMRKLFFVVKCQKLKSAHTSLCCVDRYRPLESSRLPTVIVFFSWYLYGMGIRISSCFLYY	85	77	92	1	84	1	77	49.7	39.1	1.83e-06	98.8	100
